Question,Answer1,Answer2,Answer3,CorrectAnswer
"According to an infamous ’80s hoax, April Fools’ Day was created by a Roman court jester named what?","1) Kugel ",2) Constantine,3) Boskin,1
The capital city of which country sits at the southernmost latitude?,"1) Uruguay ",2) Madagascar,3) Indonesia,1
Who owns the NFL record for consecutive playoff games with at least two touchdown passes?,"1) Joe Flacco ",2) Joe Montana,3) Tom Brady,1
The music of Rick Astley played a direct role in bringing down the leader of what country?,1) Libya,2) Venezuela,"3) Panama ",3
Which of these countries celebrates Easter with both an Easter Bunny and an Easter Bilby?,1) Sweden,2) Canada,"3) Australia ",3
Which of these punctuation marks can be found in an interrobang?,1) Ampersand,2) Pound sign,"3) Question mark ",3
Which of these figures is known for wearing a mackintosh?,1) Steve Jobs,"2) Inspector Gadget ",3) Johnny Appleseed,2
The holiday of Passover commemorates events that took place in what ancient civilization?,"1) Egypt ",2) Babylonia,3) Macedonia,1
What basketball term derives from a French phrase that circus acrobats used to shout?,"1) Alley-oop ",2) Slam dunk,3) Airball,1
The notion that “Anything that can go wrong will go wrong” is popularly known as what?,1) Peter Principle,"2) Murphy's Law ",3) Cider House Rule,2
A classic Shakespeare play details the doomed love between Romeo and who?,"1) Juliet ",2) Jessica Simpson,3) Ms. Jackson,1
Snorkelers in the water are most likely to wear what on their feet?,1) Clown shoes,2) Stiletto heels,"3) Swim fins ",3
Who was the last elected U.S. president to NOT hold office as either a Democrat or Republican?,"1) Millard Fillmore ",2) Chester A. Arthur,3) Ulysses S. Grant,1
Mozart’s “The Marriage of Figaro” continues the story of what other opera?,"1) The Barber of Seville ",2) Rigoletto,3) La Traviata,1
Which U.S. state's capital city is home to an NHL team?,"1) Ohio ",2) Florida,3) Pennsylvania,1
Birders use what four-letter word to refer to hard-to-classify birds?,1) Anon,"2) Spuh ",3) Drib,2
What kind of number is the decimal expansion of 1/7?,"1) Endless but repeating ",2) Irrational,3) Ending,1
The song used in the viral Mannequin Challenge meme features a solo by what rapper?,1) Jay-Z,"2) Gucci Mane ",3) 2 Chainz,2
What is the correct spelling of the bear family that has starred in hundreds of popular kids’ books?,1) Berensteen Bears,2) Berenstein Bears,"3) Berenstain Bears ",3
Which of these jobs requires a training and testing period that takes about 34 months?,1) IKEA store manager,2) Louvre tour guide,"3) London cab driver ",3
Which of these foods is NOT a type of onion?,1) Scallion,2) Shallot,"3) Scallop ",3
Abraham Lincoln is known for wearing what kind of headgear?,1) Propeller cap,"2) Stovepipe hat ",3) Supreme beanie,2
"On Broadway, a “triple threat” is a person who sings, dances and what?","1) Acts ",2) Bakes cakes,3) Trains dogs,1
Painter Margaret Keane’s work directly inspired which cartoon series?,1) Jem and the Holograms,"2) The Powerpuff Girls ",3) My Little Pony,2
The co-creator of the first baby monitor was recruited after his design of what?,1) Portable radio,2) Crib,"3) Coffee table ",3
"In 18th-century London, people mocked the first public user of which of these accessories?",1) Sunglasses,"2) Umbrella ",3) Purse,2
"In the U.S., which of these job uniforms is illegal to wear if you do not have that job?",1) Surgeon,"2) Postal worker ",3) Airline pilot,2
The guitarist in the E Street Band starred in which television show?,"1) The Sopranos ",2) The Practice,3) Rescue Me,1
Which of these is both a city in Morocco AND a common style of hat?,1) Kangol,"2) Fez ",3) Tangier,2
What is the name of the scientific process that turns sugars into alcohol?,"1) Fermentation ",2) Photosynthesis,3) Mutation,1
Which of these U.S. states is known for its panhandle?,"1) Florida ",2) Iowa,3) Montana,1
In which of these sports can a player NOT get a strike?,1) Bowling,2) Baseball,"3) Basketball ",3
"In astronomical terms, what is the opposite of a full moon?",1) Fresh moon,"2) New moon ",3) Hungry moon,2
In which of these places were rulers known as pharaohs?,"1) Ancient Egypt ",2) Medieval Japan,3) Studio54,1
TGIF most commonly stands for “Thank God It’s” what?,"1) Friday ",2) Frankenstein,3) Flavortown,1
Adam Sandler did NOT receive a Kids Choice Award for his work in which movie?,1) Mr. Deeds,2) Grown Ups 2,"3) Happy Gilmore ",3
What dog breed was named for a region in Germany and Poland?,"1) Pomeranian ",2) Doberman Pinscher,3) Poodle,1
Which of these states borders the Hawkeye State?,1) The Volunteer State,2) The Peace Garden State,"3) The Show Me State ",3
"Sleeping through winter is hibernation, but sleeping through summer is called what?",1) Transolation,"2) Estivation ",3) Decarburization,2
Which U.S. president’s middle name is Gamaliel?,"1) Warren Harding ",2) James Polk,3) Rutherford Hayes,1
The Latin phrase “tempus fugit” literally translates to what?,1) Buyer beware,2) Come together,"3) Time flies ",3
"Thanks to the time it took to make, what movie was almost called “12 Years”?","1) Boyhood ",2) The LEGO Movie,3) Castaway,1
Which of these phrases is slang for a bad thing?,"1) Dog’s breakfast ",2) Bee's knees,3) Cat's pajamas,1
"When it comes to mail, what does the Z in “ZIP Code” stand for?",1) Zoom,2) Zero,"3) Zone ",3
The Cy Young Award is given each year to Major League Baseball's best what?,1) Mascots,2) Fans,"3) Pitchers ",3
The Smart Car started as a collaboration between a car company and what?,"1) Watchmaker ",2) Website,3) Travel guide,1
"According to Guinness World Records, the hit single containing the most words was recorded by what artist?","1) Eminem ",2) Krayzie Bone,3) Busta Rhymes,1
The U.S. founding father famous for his experiments with electricity was born in what city?,1) London,"2) Boston ",3) Philadelphia,2
Which of these people is NOT an inductee into the Internet Hall of Fame?,1) Tim Berners-Lee,2) Al Gore,"3) Steve Jobs ",3
The director of “Mad Max: Fury Road” also directed which of these movies?,1) Borat,2) Live Free or Die Hard,"3) Babe: Pig in the City ",3
Who made the gaming console that indicated a breakdown with the “red ring of death?”`,1) Sony,2) Nintendo,"3) Microsoft ",3
Which of these cat breeds gets its name from an island in Asia?,"1) Balinese ",2) Persian,3) Siamese,1
"In professional wrestling, bad guys are called “heels” and good guys are known as what?",1) Hands,"2) Faces ",3) Torsos,2
Which of these animals provides a key ingredient in traditional mayonnaise?,1) Sheep,"2) Chicken ",3) Cow,2
Which of these music genres peaked in popularity during the 1970s?,1) Doo-wop,"2) Disco ",3) Rap,2
"By definition, a person who cuts hair is often referred to as what?",1) Birder,2) Bugbear,"3) Barber ",3
"According to the old song “Row, Row, Row Your Boat,” life is but a what?","1) Dream ",2) Massive phoenix tattoo,3) Bitcoin scam,1
Which of these is NOT a kind of apple?,1) Dog’s Snout,2) Bloody Ploughman,"3) Everett's Knave ",3
What African nation gets its name from the Arabic for “The Islands”?,1) Madagascar,"2) Algeria ",3) Comoros,2
"In the heyday of the Mutoscope, where would you have been most likely to find one?",1) Horse racetrack,"2) Amusement arcade ",3) Doctor’s office,2
What type of medical treatment gets its name from the Latin for “I shall please”?,1) Analgesic,2) Narcotic,"3) Placebo ",3
Who directed the motion picture credited as the first to show a flushing toilet?,"1) Alfred Hitchcock ",2) Frank Capra,3) John Waters,1
“Betteridge’s Law” is a famous observation about what?,"1) Headlines ",2) Smartphone size,3) Cable news ratings,1
What was “Weird Al” Yankovic’s birth name?,1) Albert Yarborough,"2) Alfred Yankovic ",3) Adam Iacopino,2
Which famous character does NOT grow larger by interacting with a mushroom?,1) Alice in Wonderland,2) Nintendo’s Mario,"3) Thumbelina ",3
What pedal is usually missing from a car with automatic transmission?,1) Brake,2) Gas,"3) Clutch ",3
"In the NCAA Basketball Tournament, the last four teams alive are known as the what?",1) Lone Survivors,2) Grand Slams,"3) Final Four ",3
Militia soldiers in the American Revolutionary War were commonly called what?,"1) Minutemen ",2) Millenniummen,3) Monthmen,1
What kind of salad normally contains the most lettuce?,1) Potato salad,2) Fruit salad,"3) Caesar salad ",3
"In “Dirty Dancing,” what does Patrick Swayze say right after declaring, “Nobody puts baby in a corner”?",1) Nobody,2) Ready?,"3) Come on ",3
The creator of the first video game Easter egg shares his name with a lead actor in which film?,1) Stand by Me,2) Pee-wee's Big Adventure,"3) Ishtar ",3
Which of these nations shares its border with the most countries?,"1) Austria ",2) Bolivia,3) Mali,1
A crystal egg plays a key role in an ’80s film that had what working title?,"1) White Boys Off the Lake ",2) A Boy's Life,3) Spaceman From Pluto,1
The founder of which of these startups has more Twitter followers than Mark Zuckerberg?,1) Dropbox,2) WhatsApp,"3) Box ",3
"In an early scene in “WarGames,” Matthew Broderick grabs a textbook off of what arcade game?","1) Dig Dug ",2) Galaga,3) Zaxxon,1
Which of these songs does NOT feature an elaborate synthesizer solo?,1) “Jump” by Van Halen,2) “Subdivisions” by Rush,"3) “Atomic” by Blondie ",3
"Closely tied to “perestroika,” what does the Russian word “glasnost” mean?",1) Economics,2) Restructuring,"3) Openness ",3
"In the book “Ready Player One,” the hero's spacecraft is named after the author of what novel?",1) The Shining,2) A Scanner Darkly,"3) Breakfast of Champions ",3
"In the Eurythmics’ debut hit video, what color was the lead singer’s hair?","1) Orange ",2) Blonde,3) Pink,1
Which of these stars famously performed at the Berlin Wall before it began to fall?,"1) Bruce Springsteen ",2) David Hasselhoff,3) Roger Waters,1
Which of these is NOT an example of a redundant acronym?,1) PIN number,2) ATM machine,"3) PEZ dispenser ",3
What classic ’80s TV character was an alien from the planet Melmac?,"1) ALF ",2) Alex P. Keaton,3) MacGyver,1
"In the Spielberg film “E.T.”, what does E.T. stand for?","1) Extra Terrestrial ",2) Enchilada Thief,3) Earl Torgeson,1
What festive term also describes a hidden feature in a video game?,"1) Easter egg ",2) Halloween candy bucket,3) Christmas sweater vest,1
"When the U.N. declared 2016 “The International Year of Pulses,” it was to promote awareness of what?","1) Legumes ",2) Clean water,3) Heart health,1
The SNL cast member with the autobiography called “It’s Always Something” played what character?,"1) Emily Litella ",2) Church Lady,3) Unfrozen Caveman Lawyer,1
In which of these places does the capital city NOT contain the name of the country?,1) Kuwait,"2) Barbados ",3) Guatemala,2
Which is the title of an actual video game in the Grand Theft Auto series?,1) Beggar’s Bargain,"2) Chinatown Wars ",3) Desperation Row,2
Who was the first woman to serve as a Supreme Court justice?,"1) Sandra Day O’Connor ",2) Madeleine Albright,3) Ruth Bader Ginsburg,1
"On AFI’s list of greatest film heroes and villains, who played a character listed as both?",1) Anthony Hopkins,"2) Arnold Schwarzenegger ",3) Gary Cooper,2
Which of these is NOT one of the two measurements in a blood pressure reading?,1) Diastolic,"2) Hemostatic ",3) Systolic,2
"Which of these is the correct spelling of 1,000 years?",1) Millenium,"2) Millennium ",3) Milennium,2
Which of these is the name of a piece of furniture AND a vast historical empire?,"1) Ottoman ",2) Credenza,3) Macedonian,1
"By definition, a myopic person is considered what?",1) Mopey,"2) Nearsighted ",3) Photographer,2
"In an old expression, “what’s good for the goose” is also good for the what?","1) Gander ",2) People of Wakanda,3) Goose's social media,1
What is the main ingredient in ketchup?,1) Atlantic cod,2) Melted copper,"3) Tomatoes ",3
Which of these celebrities owns an island near the location of the doomed Fyre Festival?,1) Ja Rule,2) Steve Martin,"3) Tyler Perry ",3
"According to ancient lore, what, if obtained, would bring good luck to wedding guests?",1) Something blue,"2) Pieces of wedding gown ",3) First slice of cake,2
A famous 1945 short story is written from the point of view of which novel’s protagonist?,1) The Grapes of Wrath,2) Catch-22,"3) The Catcher in the Rye ",3
"In cooking, what do chefs set up before they make a meal?",1) Mise-en-chine,2) Mise-en-scène,"3) Mise-en-place ",3
Which of these Broadway productions ran for the most shows?,1) Cats,2) Les Misérables,"3) Chicago ",3
"In AOL Instant Messenger, what default sound played when friends appeared online?","1) Door opening ",2) Car horn,3) Bicycle bell,1
The wigs worn by barristers in English courts are usually made with which kind of hair?,"1) Equine ",2) Synthetic,3) Hominine,1
Which of these U.S. national parks is home to a supervolcano?,1) Yosemite,2) Zion,"3) Yellowstone ",3
The flight recorder known as the airplane “black box” is typically what color?,1) Green,2) Black,"3) Orange ",3
"In arithmetic, how is a number squared?",1) Added to its reciprocal,"2) Multiplied by itself ",3) Divided by antecedent,2
"In book publishing, a novel with a soft cover is typically called what?","1) Paperback ",2) Pillow,3) Wimpy,1
Street art that involves spraying paint on walls is known as what?,1) Peter Griffin,2) Giraffe,"3) Graffiti ",3
Which of these hit rock songs did NOT appear on a debut album?,1) Last Nite,2) Buddy Holly,"3) Wonderwall ",3
Which of these Canadian territories stretches farthest north?,"1) Nunavut ",2) Northwest Territories,3) Yukon,1
Which of these men has been knighted by the Queen of England?,1) Keith Richards,2) Hugh Grant,"3) Rudy Giuliani ",3
What is the last spoken line in Samuel Beckett’s “Waiting for Godot”?,"1) Yes, let’s go. ",2) Let's wait some more.,3) Is he coming?,1
"In the Catholic Church, which of these is considered the most powerful?",1) Vicar general,"2) Archbishop ",3) Archdeacon,2
“Tales from the Crypt” was originally on the same U.S. network as which show?,1) Full House,"2) Fraggle Rock ",3) Animaniacs,2
What did now-defunct teen magazine YM stand for?,1) Your Magazine,"2) Young Miss ",3) Yes Mademoiselle,2
What is the main symptom of the genetic condition known as heterochromia?,1) Ambidextrousness,2) Really long toes,"3) Differently colored eyes ",3
Legal work done without charging a fee is known as what?,1) Habeas corpus,2) Affidavit,"3) Pro bono ",3
In which country do people typically answer the phone by saying “Pronto”?,1) China,2) Canada,"3) Italy ",3
The letters in the federal agency IRS stand for what?,1) Infinitely Rude Staff,"2) Internal Revenue Service ",3) Incredibly Rare Sneakers,2
Firefighters often have which of these things attached to their trucks?,1) LinkedIn profile,2) PDFs,"3) Hose ",3
Which of these nations’ capital cities is located at the highest altitude?,"1) Ethiopia ",2) Kenya,3) Chile,1
Which of these duos consists of two people NOT born in the same year?,1) Simon &amp; Garfunkel,2) OutKast,"3) The White Stripes ",3
"Though their designs are similar, which of these countries’ flags has the most colors?","1) Laos ",2) Palau,3) Bangladesh,1
Which athlete deliberately incorporated soccer shoe concepts into their own sneaker design?,"1) Kobe Bryant ",2) Serena Williams,3) Tiger Woods,1
Which of these toys debuted in stores during JFK’s presidency?,1) RC helicopter,2) G.I. Joe,"3) Slip ’N Slide ",3
Which of these actors has NOT played a person forced to live inside a bubble?,1) Jake Gyllenhaal,2) John Travolta,"3) Jason Alexander ",3
The first Bo Jackson Nike TV ad featured the musical act famous for recording what song?,1) Revolution,2) Hustlin’,"3) I’m a Man ",3
Which of these was NOT one of the canonical seven wonders of the ancient world?,1) Lighthouse,2) Mausoleum,"3) Library ",3
"For high-end sneakers, which of these acronyms describes shoes that are usually easiest to get?",1) HTM,"2) GS ",3) PE,2
What day is Mexico's equivalent to July 4th in the U.S.?,1) May 5,2) March 5,"3) September 16 ",3
"Before inventing Nike's air soles, where did the creator work?","1) NASA ",2) Porsche,3) Levi's,1
"By volume, the air we breathe is mostly made up of what element?","1) Nitrogen ",2) Oxygen,3) Carbon dioxide,1
What is the largest animal ever known to have lived?,"1) Blue whale ",2) Woolly mammoth,3) Apatosaurus,1
"In the fashion world, different color combinations for a single design are known as what?","1) Colorways ",2) Flashschemes,3) Gridstuffs,1
"In a famous folktale, what archer stole from the rich and gave to the poor?",1) Jumpman,"2) Robin Hood ",3) Mr. Steal Your Girl,2
Which of these technological breakthroughs was invented by a man?,1) Windshield wipers,2) Kevlar,"3) Aerosol can ",3
Which of these films earned the dreaded “thumbs down” from Roger Ebert?,"1) Full Metal Jacket ",2) Demolition Man,3) Junior,1
Which state is home to what is considered the deepest lake in the U.S.?,1) Minnesota,2) Michigan,"3) Oregon ",3
What Edgar Allan Poe poem allegedly lends its name to a U.S. Air Force facility?,"1) Dream-Land ",2) The Raven,3) The Haunted Palace,1
"In the Austin Powers films, what type of cat was Mr. Bigglesworth before his cryogenic freeze?",1) Siamese,"2) Persian ",3) Sphynx,2
Which of these is NOT a “Little Critter” book title?,1) Just a Mess,"2) My Summer Vacation ",3) I Was So Mad,2
"In English, the Chinese term for paparazzi literally translates to what?",1) Laser focused,"2) Puppy squad ",3) Buzzing insects,2
"In the U.S., a trial without a jury is known as what?",1) Blank trial,"2) Bench trial ",3) Mistrial,2
Which of these is a common type of node in the human body?,1) Nymph,"2) Lymph ",3) Dymph,2
What hairstyle is named for a part of an animal?,1) Horseholder,2) Bowl cut,"3) Ponytail ",3
What type of card is typically used to make purchases at stores?,"1) Credit ",2) Blockbuster,3) Birthday,1
The stage name “Chubby Checker” was selected in homage to the performer of what song?,"1) Blueberry Hill ",2) Roll Over Beethoven,3) Rock Around the Clock,1
The first U.S. hotel to offer room service is now part of what hospitality chain?,"1) Hilton ",2) Four Seasons,3) Starwood,1
Amtrak trains do NOT stop in which of these places?,1) Glacier National Park,"2) Langley, VA ",3) Niagara Falls,2
The payment company Square has a board member who runs what fast food chain?,"1) Shake Shack ",2) Five Guys,3) In-N-Out,1
Which of these countries built a city shaped like a First Lady's facial profile?,"1) Argentina ",2) France,3) North Korea,1
Which of these films would be considered a “Pygmalion” story?,1) Romeo + Juliet,2) She’s the Man,"3) She’s All That ",3
Which of these is an acronym used to remember the mathematical order of operations?,1) EMPADS,2) SADMEP,"3) PEMDAS ",3
In which type of exercise class would you most likely use a reformer?,1) Zumba,"2) Pilates ",3) Spin,2
“Bollywood” is a portmanteau of what city and Hollywood?,"1) Bombay ",2) Boca Raton,3) Boston,1
The word “fortnight” literally means what?,1) Nighttime battle,2) Tomorrow night,"3) Two weeks ",3
A common type of hair tie covered in fabric is known as what?,"1) Scrunchie ",2) Munchie,3) Lunchie,1
Trees often grow from what?,1) AstroTurf,"2) Seeds ",3) Peanut butter,2
Which two U.S. states' capitals are located the farthest apart from each other?,"1) Florida / Maine ",2) New Mexico / Indiana,3) Alaska / Oregon,1
Which of these major Hollywood films was shot in Toronto?,1) L.A. Confidential,2) Gangs of New York,"3) Chicago ",3
"In 2017, what publication revived the first U.S. newspaper written and edited by women?",1) Chicago Tribune,2) New York Times,"3) Washington Post ",3
Facebook's first logo featured the actor who played which of these characters in a film?,1) Tony Stark,2) Cameron Winklevoss,"3) Carlito Brigante ",3
The element lutetium gets its name from an old name for what European city?,1) London,"2) Paris ",3) Helsinki,2
Which university’s marching band has a giant instrument that used to be radioactive?,1) U of Chicago,2) Purdue,"3) U of Texas ",3
Which of these was inducted into the National Toy Hall of Fame first?,1) Wiffle ball,"2) Game Boy ",3) Rubik’s Cube,2
Which of these vice presidents served under a president carved on Mount Rushmore?,1) Henry Wallace,"2) Hannibal Hamlin ",3) Elbridge Gerry,2
Which of these ’80s movies earned an Oscar nomination?,"1) The Karate Kid ",2) Risky Business,3) The Breakfast Club,1
"In his first-ever video game appearance, Mario had what profession?",1) Chef,"2) Carpenter ",3) Plumber,2
Which of these terms is a common bicycle part?,"1) Lawyer lips ",2) Fireman fingers,3) Trainer toes,1
In which of these would you most likely find a wet cell battery?,1) TV remote control,2) Laptop computer,"3) Cellphone tower ",3
The dinosaur genus Zuul gets its name from what film franchise?,1) Jurassic Park,2) The Land Before Time,"3) Ghostbusters ",3
The author of “Chitty Chitty Bang Bang” also created what literary character?,1) Mary Poppins,2) Winnie the Pooh,"3) James Bond ",3
What do camels primarily store in their humps?,"1) Fat ",2) Water,3) Salt,1
"By definition, a skinflint is someone who does NOT like doing what?",1) Wearing clothes,"2) Spending money ",3) Speaking in public,2
What fashion brand's logo depicts a woman famous for her fierce appearance?,"1) Versace ",2) Chanel,3) Gucci,1
Neapolitan ice cream gets its name from a city in what country?,"1) Italy ",2) Germany,3) Canada,1
A popular board game is titled “Chutes and” what?,1) Leopards,"2) Ladders ",3) Lawyers,2
What is the predominant keyboard layout in North America?,"1) QWERTY ",2) FLIRTY,3) THRIVING,1
"In an old legend, what did Arthur pull out of a stone to become king?","1) Sword ",2) Bird's nest,3) Fat stacks,1
Herman Melville dedicated “Moby-Dick” to the author of what other classic work?,"1) Twice-Told Tales ",2) Paul Revere's Ride,3) Leatherstocking Tales,1
Which of these chemical elements gets its name from a mythical creature?,1) Hassium,2) Xenon,"3) Cobalt ",3
The luna moth lives its entire adult life without doing what?,1) Mating,"2) Eating ",3) Flying,2
"Aside from Walt Disney, the most Oscar-nominated person in history is known for what?",1) Visual effects,2) Costume design,"3) Composing ",3
"In the popular Asian sport sepak takraw, players strike the ball with what?","1) Feet ",2) Hands,3) Sticks,1
What flavor of cream filled the first Twinkies?,1) Vanilla,"2) Banana ",3) Peanut butter,2
A 2014 online gag convinced some people to recharge their iPhones by doing what?,"1) Microwaving them ",2) Plugging into potatoes,3) Freezing them,1
The Greek names of the two moons of Mars literally translate to what?,1) Mother and Daughter,2) Destiny and Promise,"3) Fear and Panic ",3
Which of these poker hands typically beats the other two?,1) Straight,2) Flush,"3) Full house ",3
Which of these animals is classified as an arachnid?,"1) Wolf spider ",2) Vampire bat,3) Seahorse,1
Which of these is most often worn between feet and shoes?,1) Paper towels,"2) Socks ",3) More shoes,2
What was Neil Armstrong’s most famous achievement?,1) Learning French,2) Eating 14 cupcakes,"3) Walking on the moon ",3
Which of these events traditionally occurs on the Tuesday after Easter in Tobago?,"1) Goat race ",2) Rabbit jumping contest,3) Parrot talent show,1
A photo of Meryl Streep yelling through her hands was taken at what 2015 awards show?,1) Oscars,2) Golden Globes,"3) SAG Awards ",3
The mockingbird is NOT the state bird of which of these states?,1) Texas,2) Arkansas,"3) Alabama ",3
Which of these courtroom TV shows debuted in the 1950s?,1) America's Court,"2) Divorce Court ",3) The People's Court,2
The capital of which state is also the French form of the name Peter?,1) Wyoming,2) North Dakota,"3) South Dakota ",3
The CEO of what tech company turned heads in 2013 by buying a funeral home?,1) Tesla,2) Airbnb,"3) Yahoo ",3
Which work by Roald Dahl was adapted into a 3-act opera in 1998?,1) Matilda,2) James &amp; the Giant Peach,"3) The Fantastic Mr. Fox ",3
The cooking method “al pastor” came to Mexico from what country?,1) El Salvador,2) Spain,"3) Lebanon ",3
Which of these words means “in three pieces?”,"1) Tripartite ",2) Troglodyte,3) Terracotta,1
Which of these is a common breed of dog?,1) Marmite,"2) Malamute ",3) Merman,2
What is glass primarily made of?,1) The film formed on gravy,2) Bubble wrap,"3) Sand ",3
A unicorn typically has one what on its head?,"1) Horn ",2) Mustache,3) Nacho hat,1
Which city did Mary-Kate and Ashley Olsen NOT travel to in their straight-to-video oeuvre?,1) Sydney,2) Salt Lake City,"3) Milan ",3
Which news anchor claims he once got into a minor car crash with a U.S. president?,1) Geraldo Rivera,"2) Larry King ",3) Dan Rather,2
Which sauce did chef Marie-Antoine Carême’s name as one of his original “mothers”?,"1) Béchamel ",2) Hollandaise,3) Tomato,1
Which of these was NOT invented by the same company as the other two?,1) Nexcare Blister Bandages,"2) Band-Aid ",3) Ace bandages,2
The composer for the “South Park” movie also provided music for which film?,1) Minions,"2) Hairspray ",3) BASEketball,2
Which of these legendary pieces of furniture was designed by a married couple?,1) La-Z-Boy,"2) Eames Lounge Chair ",3) Aeron chair,2
What did Darwin consider “one of the most wonderful” plants in the world?,1) Weeping willow,2) Bird of paradise,"3) Venus flytrap ",3
Which of these is a distinctly Tibetan form of greeting?,1) Slow nod,2) Touching foreheads,"3) Sticking out your tongue ",3
What is the official name of the large structure in the center of Chicago's Millennium Park?,1) Chicago Bean,2) Silver Nugget,"3) Cloud Gate ",3
What kitchen appliance is typically used to brown slices of bread?,"1) Toaster ",2) Immersion blender,3) French press,1
"In “Mister Rogers' Neighborhood,” what was Mr. Rogers’ first name?",1) Agamemnon,"2) Fred ",3) Frodger,2
Which of these activities is considered a form of aerobic exercise?,1) Napping,"2) Jogging ",3) Tweeting,2
Which of these movies was its director's feature film debut?,"1) Being John Malkovich ",2) Jaws,3) Moonlight,1
How many U.S. states allow common law marriage?,1) All of them,2) None of them,"3) Some of them ",3
Which of these countries has outlawed beauty pageants for kids?,1) Canada,2) Finland,"3) France ",3
Which singer launched the tape recorder revolution in America?,"1) Bing Crosby ",2) Frank Sinatra,3) Tony Bennett,1
"In towns like Edinburgh and Glasgow, homes traditionally have red doors to signify what?","1) Paid off mortgage ",2) Children at home,3) Rooms to rent,1
Which of these awards has NOT been won by a U.S. First Lady?,1) Emmy,2) Grammy,"3) Oscar ",3
"In 1534, why did England’s king appoint himself “Supreme Head” of his country’s church?",1) Avoid prison,"2) End his marriage ",3) Adopt an heir,2
The “Streisand effect” describes when an attempt at what backfires?,1) Career comeback,2) Restricting alimony,"3) Privacy ",3
The Chunnel connects what two countries?,1) Italy / Sweden,2) Canada / Mexico,"3) England / France ",3
What color was the original Livestrong bracelet?,"1) Yellow ",2) Green,3) Purple,1
"In order to legally drive in the U.S., which of these do you need?",1) Specially trained parrot,2) Spinning rims,"3) License ",3
The container that children traditionally use to collect change is known as what?,"1) Piggy bank ",2) Doggy zone,3) Horsey place,1
The author of “Treasure Island” also once wrote about the namesake of what cheese?,1) Gorgonzola,2) Roquefort,"3) Monterey Jack ",3
Which of these legendary artifacts was found in the Nile Delta?,"1) Rosetta Stone ",2) Elgin Marbles,3) Nefertiti Bust,1
The first YouTube Music Awards were co-hosted by the star of what film?,"1) Rushmore ",2) San Andreas,3) Hancock,1
Which plant is considered customary in an English royal wedding bouquet?,"1) Myrtle ",2) Baby’s-breath,3) Roses,1
"Ardrey Kell High School in Charlotte, North Carolina played a major role in what meme?","1) Water bottle flipping ",2) Mannequin challenge,3) Damn Daniel,1
Which of these classic Cajun dishes was invented first?,1) Bananas Foster,"2) Oysters Rockefeller ",3) Muffuletta,2
The title of the rock record “Steal This Album!” references a controversial work by whom?,"1) Abbie Hoffman ",2) Jack Kerouac,3) Karl Marx,1
Abraham Lincoln served Illinois as a member of which branch of Congress?,1) Neither,"2) House of Representatives ",3) Senate,2
Which of these classic novels was originally written in English?,1) Madame Bovary,"2) Dracula ",3) Don Quixote,2
The Richter scale is typically used to measure the magnitude of what?,"1) Earthquakes ",2) Food spiciness,3) Bee stings,1
Which of these is an annual car race in Indianapolis?,1) Boss Baby 2,2) Seinfeld 2000,"3) Indy 500 ",3
"According to legend, everything King Midas touched turned to what?",1) Ovaltine,"2) Gold ",3) Funnel cakes,2
Which of these musicians once featured in a movie based on “Blue’s Clues”?,"1) Ray Charles ",2) Paul Simon,3) Ricky Martin,1
"When written in all caps, which woman’s name is a classification system for moths?",1) Mara,2) Emma,"3) Mona ",3
Which of these products was originally developed for surgical use?,"1) Listerine ",2) Bengay,3) VapoRub,1
The fashion brand Opening Ceremony once put on a play co-written by what actor?,"1) Jonah Hill ",2) Chloë Sevigny,3) Jesse Eisenberg,1
Which of these countries won its independence the soonest after the U.S. did?,1) Mexico,"2) Haiti ",3) Cuba,2
Which of these is NOT a variety of strawberry?,"1) Holland Bloom ",2) Sweet Charlie,3) Ozark Beauty,1
Trailblazing chef Hélène Darroze has her own what?,1) Restaurant in the Louvre,2) U.S. postage stamp,"3) Barbie doll ",3
"The title of the Robert Frost poem “Out, Out—” alludes to which Shakespeare play?",1) Romeo and Juliet,"2) Macbeth ",3) Hamlet,2
Which of these professions is most likely to make a horseshoe?,"1) Farrier ",2) Ophthalmologist,3) Notary,1
Parquet is a type of what?,"1) Wooden flooring ",2) African bird,3) Brand of cream cheese,1
"In golf, the best score on a single hole is popularly known as what?",1) Golfy surprise,"2) Hole in one ",3) Self-driving par,2
Which of these is a boy wizard created by J.K. Rowling?,1) Wand-a Sykes,"2) Harry Potter ",3) Waldo Wizardboy,2
Which of these is defined as a tautological place name?,"1) Lake Tahoe ",2) Martha's Vineyard,"3) Walla Walla, Washington",1
Which of these would be classified using the Aarne-Thompson-Uther system?,1) Meteor showers,"2) Aesop's Fables ",3) Blood-borne viruses,2
The artist behind what 20th-century masterpiece also competed in a World Chess Olympiad?,"1) Fountain ",2) Christina's World,3) Campbell's Soup Cans,1
One of the earliest descriptions of dental floss appears in what landmark of literature?,1) Pride and Prejudice,2) Little Women,"3) Ulysses ",3
What U.S. sports league currently has two different players named Sebastian Aho?,"1) NHL ",2) MLB,3) NFL,1
Which rapper has NOT acted in a Fast &amp; Furious movie?,"1) Cam'ron ",2) Ja Rule,3) Bow Wow,1
Which of these African landmarks is mentioned by name in Toto’s “Africa”?,1) Timbuktu,2) Sahara,"3) Serengeti ",3
Which of these winds is the fastest on the Beaufort Wind Scale?,1) Strong gale,2) Near gale,"3) Storm ",3
"In terms of miles traveled, which of these races is the longest?",1) Daytona 500,"2) Tour de France ",3) Iron Man Triathlon,2
"What is the zip code for Beverly Hills, California?",1) 10528,"2) 90210 ",3) 01209,2
Smokey the Bear often preaches that only YOU can prevent what?,1) Flash mobs,2) Reply all emails,"3) Forest fires ",3
"In the popular rhyme, April showers bring what?",1) CD towers,"2) May flowers ",3) Kenny Powers,2
The New-York Mirror newspaper notably employed which poet?,"1) Edgar Allan Poe ",2) Walt Whitman,3) Langston Hughes,1
Which of these does NOT appear in both the original Pac-Man and Ms. Pac-Man?,"1) Banana ",2) Apple,3) Strawberry,1
"Workers throughout Victoria, Australia get a day off every November for what sporting event?",1) Cricket match,"2) Horse race ",3) Rugby game,2
"On her first recording, Billie Holiday was accompanied by what jazz legend?","1) Benny Goodman ",2) Duke Ellington,3) Count Basie,1
Shopping mall staple Gadzooks was purchased by what fellow retailer?,"1) Forever 21 ",2) Hot Topic,3) Spencer's,1
Which of these exotic fruits is named for a local word for “hair”?,1) Durian,"2) Rambutan ",3) Lychee,2
Moore’s Law is a famous observation that concerns what?,1) Expansion of universe,2) Human evolution,"3) Computing power ",3
In which of these sports do competitors often wear jodhpurs?,1) Cricket,"2) Polo ",3) Jai alai,2
The classic book “The Grapes of Wrath” is about a family's journey to what state?,1) Alaska,"2) California ",3) Hawaii,2
"By definition, a person who is ambidextrous is able to do what?","1) Use both hands well ",2) Speak two languages,3) Whistle,1
American folk hero &amp; apple enthusiast John Chapman was known by what nickname?,1) Red Delicious Ricky,"2) Johnny Appleseed ",3) Chance the Appler,2
Hydroelectric power generates electricity from what?,1) Killer drum solos,2) Mean tweets,"3) Water ",3
Which of these famous TV judges got their start in criminal court?,1) Greg Mathis,2) Judy Sheindlin,"3) Joe Brown ",3
What distinction does airline Handley Page Transport have?,1) First inflight movie,"2) First to serve a meal ",3) First to check a bag,2
The terms of Amazon's web services contain a clause regarding potential attacks by what?,"1) Zombies ",2) Google,3) Underage hackers,1
Which of these television shows was NOT based on a British series?,"1) Say Yes to the Dress ",2) Wife Swap,3) Trading Spaces,1
Which of these teams won a Stanley Cup before the NHL was founded?,"1) Montreal Canadiens ",2) Boston Bruins,3) Toronto Maple Leafs,1
Which of these people is most likely to have a mutation in their melanocortin-1 receptor?,"1) Julianne Moore ",2) Jon Hamm,3) Lucy Liu,1
"Technically, all licensed U.S. dentists are also officially what?",1) Orthodontists,"2) Dental surgeons ",3) Private practitioners,2
What is the official language of the tiny nation between France and Spain?,"1) Catalan ",2) French,3) Spanish,1
What is the name for a word that came directly into English from another language?,1) Theftword,2) Giftword,"3) Loanword ",3
Which of these is the name of an actual room in the White House?,"1) China Room ",2) Balloon Room,3) Yoga Room,1
"By definition, what type of singing is usually done without any instrumental accompaniment?",1) Piano recital,"2) A cappella ",3) String quartet,2
"In the U.S., a massive amount of gold is kept where?",1) Frozen food aisle,"2) Fort Knox ",3) Louisiana swamplands,2
Which of these words is believed to come from a European dice game?,1) Shenanigans,2) Tomfoolery,"3) Hijinks ",3
Which of these is NOT the nickname of a World Darts Champion?,1) Limestone Cowboy,2) Deadly Boomerang,"3) Pinpoint King ",3
"In the Bible, which son of Jacob has the same mother as Joseph?","1) Benjamin ",2) Levi,3) Simeon,1
"Once a body of water, which of these regions is now dried out?","1) Aral Sea ",2) Caspian Sea,3) Lake Balkhash,1
Jane Morgan was a nom de plume for the author of which of these works?,1) Wuthering Heights,"2) Last of the Mohicans ",3) Jane Eyre,2
Which of these long-ago empires originated in North Africa?,"1) Carthaginian ",2) Ottoman,3) Byzantine,1
Which of these dogs falls into the American Kennel Club’s “Working Group”?,1) Golden retriever,2) Collie,"3) Boxer ",3
"What phrase completes the old English rhyme that begins, “Something old, something new”?",1) May your love be true,2) A single bond for two,"3) A sixpence in your shoe ",3
Which of these basketball terms is also a measurement of computer performance?,"1) Flops ",2) Dunks,3) Dimes,1
Ben &amp; Jerry’s Cherry Garcia flavor is a pun on the lead singer of what band?,"1) Grateful Dead ",2) Phish,3) Rolling Stones,1
Which of these is a popular breakfast item served with maple syrup?,1) English eggie weggies,2) Swedish House Mafia,"3) French toast ",3
The Girl Scouts hold an annual fundraiser by selling what?,1) Bootleg DVDs,2) Stock tips,"3) Cookies ",3
What startup's name came from the co-founder watching a Fellini movie?,1) Vimeo,2) Twilio,"3) Etsy ",3
Which of these is the name of one of the moons of the largest planet in our solar system?,"1) Kale ",2) Coriander,3) Vega,1
Which of these is NOT a breed of duck?,"1) Green Marsh ",2) Silver Bantam,3) Welsh Harlequin,1
Which concept is at the core of a dance style named for Martha Graham?,"1) Contraction &amp; release ",2) Lock &amp; leap,3) Pointe &amp; step,1
Which of these cities was founded two separate times?,1) Rome,2) Zurich,"3) Buenos Aires ",3
An annual holiday at Emory University features students being let out of class by what?,"1) Skeleton ",2) Peach mascot,3) Male cheerleaders,1
“Zen and the Art of Motorcycle Maintenance” gets its name from an earlier book about what?,"1) Archery ",2) Bicycling,3) Gardening,1
The military unit responsible for the Pope’s safety is composed of citizens of what country?,"1) Switzerland ",2) Italy,3) Vatican City,1
Who is the youngest current Supreme Court Justice?,1) Elena Kagan,2) Sonia Sotomayor,"3) Neil Gorsuch ",3
What is a common symptom of a deviated septum?,"1) Snoring ",2) Hearing loss,3) Rapid heartbeat,1
What is the name of the roller coaster feature that takes riders around in a complete circle?,1) Lose-the-hat,"2) Loop-the-loop ",3) Cry-the-tears,2
What meal combines elements of breakfast and lunch?,1) Linner,2) Supsert,"3) Brunch ",3
Which character appears in the Shakespeare play whose title comes first alphabetically?,1) Octavius Caesar,"2) Bertram ",3) Adriana,2
Which of these animals is NOT known for being able to reproduce without a male partner?,1) Komodo dragon,2) Hammerhead shark,"3) Mata mata turtle ",3
Which of these authors has a supermodel granddaughter?,1) Antoine de Saint-Exupéry,2) Maurice Sendak,"3) Roald Dahl ",3
Which of these films does NOT share a name with a NASA space probe?,1) Juno,2) Stardust,"3) Prometheus ",3
Which of these is traditionally a layer in a Nanaimo bar?,1) Ice cream,2) Whipped cream,"3) Butter icing ",3
Which skin mark is most likely to come and go with the seasons?,1) Rhytides,"2) Ephelides ",3) Lentigines,2
Which fashion designer did NOT graduate from the prestigious Central Saint Martins?,1) Riccardo Tisci,2) Zac Posen,"3) Olivier Rousteing ",3
What was the prime reason for the 14th-century leadership crisis in the Catholic church?,"1) Rival popes ",2) Emperor Charlemagne,3) Thirty Years’ War,1
Which of these is NOT the name of a geographical feature on the Moon?,1) Foaming Sea,"2) Sunset Sea ",3) Sea of Waves,2
Which company is listed on both the Dow Jones Industrial Average and the NASDAQ-100?,1) IBM,2) T-Mobile,"3) Intel ",3
The first flag of which state contained the Latin for “don’t touch me”?,1) Delaware,2) South Carolina,"3) Alabama ",3
Which of these was NOT a phone made by BlackBerry?,1) Electron,"2) Atom ",3) Quark,2
Which of these monuments lends its name to a common domestic chicken breed?,1) The Alamo,"2) Plymouth Rock ",3) Lincoln Memorial,2
"In the U.S., light intensity is often measured with a unit named what?",1) Hand-lamp,"2) Foot-candle ",3) Head-torch,2
The Marvin Gaye hit “What’s Going On” featured backup vocals by members of what team?,1) Kansas City Chiefs,"2) Detroit Lions ",3) New York Jets,2
The defunct channel Court TV briefly owned what popular website?,"1) The Smoking Gun ",2) http://Snopes.com&nbsp;,3) SCOTUSblog,1
What is the only U.S. state home to two Ivy League schools?,"1) New York ",2) Massachusetts,3) Pennsylvania,1
What traditional stew inspired the 1930s invention of the slow cooker?,1) Gumbo,2) Goulash,"3) Cholent ",3
"In the tech world, the acronym “IoT” typically stands for what?",1) Internet-Only Telephone,2) In/Out Transfer,"3) Internet of Things ",3
"What term is often used to describe overly ornate, flowery writing?",1) Blue prose,"2) Purple prose ",3) Violet prose,2
Which of these is NOT an ingredient in a traditional Chicago-style hot dog?,"1) Heated ketchup ",2) Yellow mustard,3) Sweet relish,1
Which article of clothing is also the name of a stinging insect?,1) Pink jeggings,2) Red sweatpants,"3) Yellow jacket ",3
Which of these is an optional section on the SAT standardized test?,1) Hot yoga,2) Laser tag,"3) Essay ",3
Which of these is a German clock with a bird inside?,1) Honey Boo Boo clock,"2) Cuckoo clock ",3) Biological clock,2
What was Galileo sentenced to do as punishment for writing about heliocentrism?,1) Pay indulgences,2) Destroy his library,"3) Recite psalms ",3
The protagonist of what classic novel is named after a real-life fireman?,"1) Adventures of Tom Sawyer ",2) Slaughterhouse-Five,3) Fahrenheit 451,1
"In the 1960s, Radio Shack was purchased by a company specializing in what?",1) High-end audio,2) Plastics,"3) Leather ",3
The Kuiper Belt is home to which of these bodies?,1) Jupiter,"2) Pluto ",3) Mars,2
Which of these symbols appears on the dice in Milton Bradley's Jumanji board game?,1) Rhinoceros,"2) Racquet ",3) Safari hat,2
Which of these is suggested in the Lamaze method of giving birth?,"1) Moving during labor ",2) Inducing at a set time,3) Birthing on your back,1
Norman Rockwell’s iconic Four Freedoms series contains a famous scene set where?,1) Baseball game,"2) Thanksgiving table ",3) Diner counter,2
"Which of these is the name of a real, finch-like songbird?",1) Whodah,"2) Whydah ",3) Howdah,2
Which of these pleasantly-scented plants is part of the mint family?,1) Hyacinth,2) Hydrangea,"3) Lavender ",3
"When it comes to college sports, what does the first “A” stand for in NCAA?",1) Amateur,"2) Athletic ",3) Academic,2
What TV show title would you say after clinking glasses for a toast?,1) Young Sheldon,"2) Cheers ",3) Kevin Can Wait,2
"In the kids’ song, “if you’re happy and you know it,” you do what?",1) Shuck some clams,"2) Clap your hands ",3) Steam a ham,2
Which of these screenwriters once co-wrote the script for a flop SNL film?,1) Aaron Sorkin,"2) Quentin Tarantino ",3) Carrie Fisher,2
The co-creators of Kazaa also helped develop which product?,"1) Skype ",2) Winamp,3) LimeWire,1
Which of these states does NOT currently have an In-N-Out?,"1) New Mexico ",2) Utah,3) Arizona,1
Which pop star appeared in the original film version of “Hairspray”?,"1) Colleen Fitzpatrick ",2) Blu Cantrell,3) Willa Ford,1
Which of these emperors' names translates in English to a small kind of footwear?,1) Augustus,2) Nero,"3) Caligula ",3
What was the inspiration behind the iconic Cartier “Love Bracelet”?,1) Eiffel Tower,2) Audrey Hepburn's profile,"3) Chastity belts ",3
"According to his own writings, how did St. Patrick first arrive in Ireland?","1) Brought by pirates ",2) Servant to a knight,3) Monastery messenger,1
"Big Major Cay, located on the eastern side of the Bahamas, is famous for what?",1) Migrating butterflies,"2) Feral pigs ",3) Black sand beaches,2
Queen Elizabeth II has famously kept what kind of dog as a pet for decades?,1) Chihuahua,2) Pomeranian,"3) Corgi ",3
"In the U.S., which of these beverages typically contains espresso?",1) Matcha latte,2) Café au lait,"3) Americano ",3
Which of these is most likely to emit lava?,1) Garden hose,2) Person's nose,"3) Volcanoes ",3
The liquid often used to disinfect hands is known as what?,1) Red #3 food dye,2) Soy sauce,"3) Sanitizer ",3
Which memorable word from “The Simpsons” also appears in Shakespeare’s “Richard II”?,1) Cromulent,2) Embiggens,"3) Unpossible ",3
Which of these is NOT the name of a trick in competitive yo-yoing?,1) Slack trapeze,2) Sword and shield,"3) Spiral drop ",3
The CEO of Domino’s came to the company after working with what kind of food?,1) Italian food,2) Mexican food,"3) Baby food ",3
The famed opera “Fidelio” has the same composer as what work?,"1) Für Elise ",2) The Magic Flute,3) La Traviata,1
"Oslo, Norway is home to a museum featuring thousands of what mini items?",1) PEZ dispensers,"2) Bottles ",3) Troll dolls,2
Which Spanish word is NOT a rhyme in the hit 2017 song “Despacito”?,"1) Amorito ",2) Manuscrito,3) Laberinto,1
Which of these universities has produced the most Heisman Trophy winners?,"1) Notre Dame ",2) Florida State,3) Auburn,1
Which swimsuit style was named after a coral reef?,1) Bandeau,2) Sarong,"3) Bikini ",3
Which of these is a real-life world-champion female fighter in the UFC?,"1) Cris Cyborg ",2) Ronda Robot,3) Allie Android,1
Which physical activity is performed in a space known as a “box”?,1) Tubing,"2) Crossfit ",3) Hiking,2
A lifeguard is most likely to keep watch over what?,"1) Swimming pool ",2) Movie drive-in,3) Chess match,1
"According to legend, what did St. Patrick drive out of Ireland?","1) All of the snakes ",2) Tesla roadster,3) Miss Daisy,1
Which of these was a real video game title featured in arcades in the 1980s?,1) Pac-Man 3,2) Dig Dug 3,"3) Donkey Kong 3 ",3
Which of these island groups is noteworthy for belonging to two different countries?,1) St. Pierre and Miquelon,"2) Diomede Islands ",3) Azores,2
The word “wisdom” is often used as a term to refer to a group of what animal?,1) Walrus,2) Wolverine,"3) Wombat ",3
"According to Emily Post, what is the ONLY fork placed on the right side of the plate?","1) Oyster fork ",2) Salad fork,3) Dessert fork,1
Which of these is NOT a common English meaning of the Spanish word “mañana”?,1) Morning,2) Tomorrow,"3) Last night ",3
"According to legend, what documents were once nailed to the door of the Wittenberg Church?",1) Joan of Arc's diary,"2) 95 Theses ",3) Codex Hammer,2
Which of these birds can fly?,"1) Whooper swan ",2) Cassowary,3) Emu,1
What are the two cities in Charles Dickens’ “A Tale of Two Cities”?,1) Manchester / Liverpool,2) Rome / Madrid,"3) London / Paris ",3
Tricking someone in order to achieve a goal is an act of what?,1) Centrifuge,2) Calcifuge,"3) Subterfuge ",3
Which of these is NOT a nickname for the NCAA Division I basketball tournament?,1) March Madness,2) Big Dance,"3) Summer Slam ",3
"As the old saying goes, when all you've got is a hammer, everything looks like a what?",1) Birthday cake,2) Thor,"3) Nail ",3
What is a photo you take of yourself commonly known as?,"1) Selfie ",2) Renaissance masterpiece,3) Narcissisto,1
What legendary singer has a son who has directed a Will Ferrell movie?,1) James Taylor,"2) Bob Dylan ",3) David Bowie,2
What nation’s unit of currency shares its spelling with a past-tense English verb?,"1) North Korea ",2) Qatar,3) Afghanistan,1
Which of these people is NOT credited as one of the discoverers of calculus?,1) Isaac Newton,2) Gottfried Leibniz,"3) Carl Friedrich Gauss ",3
Which of these places is geographically classified as an enclave?,1) Luxembourg,"2) San Marino ",3) Liechtenstein,2
“Posse cut” is common terminology in what profession?,1) Beautician,2) Animation director,"3) Record producer ",3
Which of theses video games is an example of an augmented-reality game?,1) Pokémon Dash,2) Super Mario Run,"3) Ingress ",3
"Among U.S. state capitals, what is unique about Vermont’s?",1) Only French name,2) Farthest north,"3) Least populated ",3
Which letter of the alphabet often acts as either a consonant or a vowel?,1) X,"2) Y ",3) Z,2
A common metaphor for an unpleasant subject is having what animal “in the room”?,1) Scorpion,2) Rattlesnake,"3) Elephant ",3
Which of these is a planet in our solar system?,1) Krypton,2) Tilted Towers,"3) Mars ",3
Which of these characters has appeared in the most episodes of television?,"1) Olivia Benson ",2) J.R. Ewing,3) Frasier Crane,1
What is the best-selling single-platform video game of all time?,1) Pokémon Red and Blue,2) GoldenEye 007,"3) Wii Sports ",3
Which of these must you enter to sail from the Black Sea to the Mediterranean?,1) Tyrrhenian Sea,2) Ionian Sea,"3) Aegean Sea ",3
A Londoner born within earshot of the St. Mary-le-Bow bells is said to be what?,1) Lion-hearted,2) Blessed,"3) Cockney ",3
Which of these self-proclaimed seers also wrote a well-known cookbook?,1) Long Island Medium,"2) Nostradamus ",3) The Amazing Kreskin,2
Which of these grocery store chains is owned by a German family?,1) Wegmans,"2) Trader Joe's ",3) Kroger,2
Which of these is the name of a Beatle AND a New Testament Gospel?,1) Paul,"2) John ",3) Luke,2
Which species is NOT one of humanity’s two closest living relatives?,"1) Orangutans ",2) Chimpanzees,3) Bonobos,1
Which term is commonly used to refer to completely non-functional computer hardware?,1) Shoe,2) Turnip,"3) Brick ",3
Which of these pies is typically made with a graham cracker crust?,1) Shepherd's Pie,2) Félix Pie,"3) Key Lime Pie ",3
"In the U.S., what do students typically complete right before going to college?","1) High school ",2) Graduate school,3) Grade school,1
Which of these do you usually need a ticket to enter?,1) Pennsylvania,2) Public library,"3) Movie theater ",3
What phrase does NOT appear in the lyrics of the rock classic “American Pie?”,1) Dirges in the dark,"2) Barefoot servants ",3) Fists of rage,2
Which of these sports has the most players per team?,1) Women's lacrosse,"2) Australian football ",3) Rugby union,2
What African country has a capital named for a U.S. president?,"1) Liberia ",2) Ghana,3) Togo,1
Which is generally NOT a business expense you can claim on U.S. federal taxes?,"1) Commuting to work ",2) Advertising,3) Ballpoint pens,1
“The cake is a lie” is a catchphrase originating in what hit video game?,"1) Portal ",2) BioShock,3) Minecraft,1
"In a 2000 film, Ed Harris played a painter most closely associated with what art movement?",1) Cubism,2) Impressionism,"3) Abstract expressionism ",3
Which of these groups was initially created to stop currency counterfeiting?,1) Dept. of Defense,2) Homeland Security,"3) Secret Service ",3
Which of these is most likely to be worn in a traditional Bavarian outfit?,"1) Dirndl ",2) Dashiki,3) Dhoti,1
Which vessels draw blood away from the heart?,1) Capillaries,"2) Arteries ",3) Veins,2
"To calculate the mathematical constant pi, divide the circumference of a circle by its what?","1) Diameter ",2) Crust,3) Area,1
Which haircut are male recruits most likely to get after joining the Army?,1) Beehive,"2) Buzzcut ",3) Bouffant,2
Which is a typical room in a suburban family home?,"1) Bedroom ",2) Foundry,3) Corral,1
"Which writer is credited with first penning the phrase, “Elementary, my dear Watson”?","1) P.G. Wodehouse ",2) Mark Twain,3) Graham Greene,1
Which of these films was NOT made by Japan's legendary Studio Ghibli?,1) Spirited Away,2) Kiki’s Delivery Service,"3) Kubo and the Two Strings ",3
What company's bankruptcy led Congress to create the Pension Benefit Guaranty Corporation?,1) Enron,"2) Studebaker ",3) Pan Am,2
Which of these skincare products is in the Smithsonian?,1) Nivea Creme,2) Carmex lip balm,"3) Stridex pads ",3
Which of these shows has NOT won a Golden Globe?,1) Jane the Virgin,"2) Shameless ",3) Crazy Ex-Girlfriend,2
Which of these brand mascots is usually seen in footwear?,1) Pillsbury Doughboy,"2) Energizer Bunny ",3) Tony the Tiger,2
A nebulizer helps administer medical treatment in what form?,"1) Mist ",2) Pills,3) Electrical current,1
What did the “S” in Ulysses S. Grant’s name stand for?,1) Samuel,"2) Nothing ",3) Stewart,2
What dance traditionally incorporates a technique called palmas?,1) Charleston,2) Cha-cha,"3) Flamenco ",3
What is an infant koala called?,"1) Joey ",2) Chandler,3) Ross,1
"In chess, which piece is typically the least powerful?",1) Queen B,"2) Pawn ",3) @KingJames,2
The place where your umbilical cord used to be is called what?,1) Lil’ puddle,2) Wishing well,"3) Belly button ",3
"Posted by the co-founder, the first-ever photo on Instagram featured what filter?",1) Nashville,"2) X-Pro II ",3) Hefe,2
Whitney Houston’s debut album contains two duets with whom?,1) Luther Vandross,"2) Jermaine Jackson ",3) Bobby Brown,2
Which of these innovators has appeared on the Italian 1000-lire note?,"1) Maria Montessori ",2) Giovanni Maria Farina,3) Candido Jacuzzi,1
Which of these body parts contains the islets of Langerhans?,1) Brain,2) Gallbladder,"3) Pancreas ",3
The giant panda’s scientific name is generally translated to “black and white” what?,1) Bamboo eater,"2) Cat-foot ",3) Sleep roller,2
Which of these refers to a blend of spices?,1) Fenugreek,"2) Vadouvan ",3) Marjoram,2
The Zambezi River can be found on which of these continents?,1) South America,2) Asia,"3) Africa ",3
What is the line dividing Earth into northern and southern hemispheres called?,1) Free throw line,2) Earth's waistline,"3) Equator ",3
Which of the following is NOT one of the eight primary ingredients in V8?,1) Lettuce,"2) Leeks ",3) Watercress,2
Which movie starring the rapper DMX is adapted from a novel?,"1) Never Die Alone ",2) Romeo Must Die,3) Belly,1
"If a pair of brothers marries a pair of sisters, what would a genealogist call their kids?","1) Double cousins ",2) Sibilate cousins,3) Cosanguines,1
"Around since 1996, which of these is one of the first-generation Pokémon?",1) Pupitar,2) Jumpluff,"3) Seaking ",3
Which artist reportedly got his signature look after leaving his regular glasses on a plane?,1) John Lennon,2) Buddy Holly,"3) Roy Orbison ",3
Loyola University’s “Madagascar Madness” is an annual race of what animal?,"1) Cockroach ",2) Civet,3) Aardvark,1
"On Disneyland’s first day in 1955, which attraction was NOT present?","1) It's a Small World ",2) Mad Tea Party,3) Mr. Toad's Wild Ride,1
“Long pimples” is slang for equipment in which sport?,1) Cricket,2) Golf,"3) Table tennis ",3
The Cascade Range runs through which of these states?,1) Colorado,"2) Oregon ",3) Montana,2
Edgar Allan Poe’s raven famously repeats what word?,"1) Nevermore ",2) Nevermind,3) Nevertheless,1
Actor John Wayne is most famous for playing what kind of character?,"1) Cowboy ",2) Big city lawyer,3) Boss baby,1
What genre of book typically contains a person's life story?,1) Telephone book,"2) Biography ",3) IKEA assembly manual,2
Which pair of countries have capital cities that start with the same letter?,"1) Nigeria / Netherlands ",2) Angola / Albania,3) Senegal / Serbia,1
"Before creating his own successful fast food operation, Dave Thomas worked for what chain?",1) McDonald's,2) Burger King,"3) KFC ",3
How does the IRS tax the digital currency known as Bitcoin?,1) Gambling income,2) Physical currency,"3) Property ",3
A successful jeans designer shares her name with which of these buildings?,1) Hearst Tower,2) 30 Rockefeller Plaza,"3) One Vanderbilt ",3
What does the PVC in PVC pipe stand for?,1) Plexar Valve &amp; Conduit,2) Peter Vescey Corp.,"3) Polyvinyl Chloride ",3
Which of these was the name of an American political splinter group?,"1) Mugwumps ",2) Gubbins,3) Ratoons,1
Where would a doctor typically place a sphygmomanometer?,"1) On your arm ",2) Over your eye,3) On your tongue,1
"Thanks to its colorful buildings, which of these places is known as the “Pink City”?","1) Rosario, Argentina","2) Budapest, Hungary","3) Jaipur, India ",3
"According to the National Weather Service, what differentiates a blizzard from a snowstorm?","1) Strength of wind ",2) Time of year,3) Air temperature,1
What’s the correct spelling of the word for a high school’s chief administrator?,"1) Principal ",2) Princepil,3) Principle,1
Which of these is widely used as a cleaning product?,1) Ranch dressing,2) Barbecue sauce,"3) Vinegar ",3
Which piece of camping gear do people typically sleep in?,1) Swiss Army knife,2) Propane stove,"3) Sleeping bag ",3
Ross Perot once provided a $3 million credit line to help establish which chain?,"1) GameStop ",2) Mills Fleet Farm,3) LongHorn Steakhouse,1
"In the Styx song “Mr. Roboto,” the narrator's brain is made by what tech company?",1) Xerox,"2) IBM ",3) Yamaha,2
"In the King James Bible, Job worries about the taste of what food?",1) Manna,2) Fish,"3) Egg whites ",3
The first player featured on the cover of “Madden NFL” primarily played what position?,1) Wide receiver,2) Quarterback,"3) Running back ",3
Which of these condiments was created by a monarch's personal chef?,1) Sriracha,2) Grey Poupon,"3) A.1. ",3
Which of these is a real Ivy League secret society?,"1) Pacifica House ",2) Serpent Club,3) Cross and Bones,1
The host of the first season of “Top Chef” was once married to whom?,1) Bobby Flay,"2) Billy Joel ",3) Salman Rushdie,2
Which of these clothing companies went public first?,1) Hermès,"2) Hugo Boss ",3) Ralph Lauren,2
Which of these Robin Williams characters is a real person?,1) Daniel Hillard,"2) Patch Adams ",3) T. S. Garp,2
In which of these movies does the bootstrap paradox play a key role?,"1) 12 Monkeys ",2) Alien,3) Gravity,1
Which women’s college basketball team saw its record 111-game win streak snapped in 2017?,1) Tennessee University,2) LSU,"3) UConn ",3
"When used in cookbooks, maceration typically means doing what to food?",1) Slicing it,2) Searing it,"3) Softening it ",3
"In a standard deck of playing cards, which king is holding an axe and facing sideways?","1) King of Diamonds ",2) King of Hearts,3) King of Clubs,1
In which of these places do brides traditionally get temporary tattoos of grooms' initials?,"1) India ",2) Mongolia,3) New Zealand,1
What is the name of the artistic logo renderings that appear on Google’s homepage?,1) Google Dudez,"2) Google Doodles ",3) Google Doodads,2
In which of these games do you yell the game's name when you win?,"1) Bingo ",2) Checkers,3) Chess,1
"In a 1952 musical, Gene Kelly was “Singin’ in the” what?",1) Drive-thru,"2) Rain ",3) Rocky Mountains,2
Which of these gadgets is designed to help you wake up?,1) Nose trimmer,2) Shake Weight,"3) Alarm clock ",3
Which animal does NOT appear on the St. Louis Cardinals' 2011 World Series rings?,1) Bird,2) Squirrel,"3) Snake ",3
Which of these schools had a future U.S. president officially serve as its president?,"1) Princeton University ",2) University of Virginia,3) Harvard University,1
"Thanks to its looks, a common European frog shares a name with what herb?",1) Chive,"2) Parsley ",3) Rosemary,2
Which of these countries did NOT change its name in the 20th century?,1) Iran,2) Cambodia,"3) Ecuador ",3
Which of these Amazon services was launched most recently?,"1) Amazon Music ",2) Amazon Mechanical Turk,3) Amazon Prime,1
"In U.S. credit, what did FICO originally stand for?","1) Fair, Isaac, and Company ",2) Fresh Investment Credit,3) Factual Income Operation,1
The classic version of the board game Operation asks players to remove a wrench from where?,1) Stomach,2) Head,"3) Ankle ",3
Antoni Gaudí's famous Sagrada Família cathedral can be found in what country?,1) France,"2) Spain ",3) Germany,2
A classic 1936 book about the Civil War is called “Gone with the” what?,1) WiFi,2) Waffle House,"3) Wind ",3
Korean pop music is often called what?,1) Hot jazz,2) Fiddlestick funk,"3) K-pop ",3
"In a pool hall, “firewood” is often used as slang for what?","1) Cheap pool cue ",2) Uneven pool table,3) Trick shot,1
What nation’s currency shares its name with an iconic Sylvester Stallone character?,"1) Panama ",2) Romania,3) Turkmenistan,1
Which historically black college is named for a member of the Rockefeller family?,1) Morehouse,"2) Spelman ",3) Howard,2
Which of these degrees qualifies you for the NASA Astronaut Candidate program?,"1) Clinical Psychology ",2) Aviation,3) Engineering Technology,1
"In the U.S. Daylight Saving Time system, which season falls under Standard Time?",1) None,2) Summer,"3) Winter ",3
"In 1992, which band released a single named for an alkali metal?",1) Green Day,"2) Nirvana ",3) Pearl Jam,2
What does the “I” in “FBI” stand for?,1) Information,2) Incorporated,"3) Investigation ",3
Where was Abraham Lincoln’s most famous address delivered?,1) Zendegi,"2) Gettysburg ",3) Tajikistan,2
Pickles are typically made with what ingredient?,1) Picks,2) Ells,"3) Cucumbers ",3
"In 1943, Major League Baseball stopped using what material in game balls?","1) Rubber ",2) Yarn,3) Cork,1
Chat app Airtime was launched by the founder of what startup?,"1) Napster ",2) Myspace,3) Blogger,1
A men's size 10 shoe in the U.S. is what size in Japan?,1) Size 10,2) Size 7.5,"3) Size 28 ",3
Which of these iconic U.S. buildings did NOT have the same architect as the other two?,"1) Transamerica Pyramid ",2) Fallingwater,3) New York Guggenheim,1
What was the first Disney Channel series to run for 100 episodes?,1) Even Stevens,2) Kim Possible,"3) That's So Raven ",3
The Notorious B.I.G. shares his real last name with the lead character in which film?,"1) Braveheart ",2) Amadeus,3) Malcolm X,1
Which of these influential authors wrote the fewest published books?,1) Fran Lebowitz,"2) John Kennedy Toole ",3) J.D. Salinger,2
Which of these Hugh Grant movies is rated R?,"1) Love Actually ",2) About a Boy,3) Notting Hill,1
Which dessert shares its name with a Korean food made with intestines?,1) Rice pudding,2) Panna Cotta,"3) Sundae ",3
Which of these singers is famous for playing the trumpet?,1) Mary J. Blige,2) Frank Sinatra,"3) Louis Armstrong ",3
Which of these is a major landmark in China?,1) The Great Waffle,2) The Great Waterslide,"3) The Great Wall ",3
Which of these is a popular movie theater snack?,"1) Popcorn ",2) Clam chowder,3) Boiled hog knuckles,1
"In Europe, the two largest Channel Islands lend their names to breeds of what animal?",1) Sheep,"2) Cows ",3) Dogs,2
Which of these people has NOT given a Harvard Commencement speech?,1) Madeleine Albright,2) Oprah Winfrey,"3) Sonia Sotomayor ",3
The lead singer of Oingo Boingo provided music for which of these films?,1) Life of Pi,2) Her,"3) Fifty Shades of Grey ",3
Which of these words was used for a long time to refer to the letter “Z”?,"1) Izzard ",2) Zephyr,3) Zelda,1
What was the name of Calvin’s schoolteacher in the comic “Calvin and Hobbes”?,"1) Miss Wormwood ",2) Ms. Braithwaite,3) Mrs. Crassbender,1
"Thanks to how the French language works, what is NATO called in France?",1) NAOT,2) NOTA,"3) OTAN ",3
Which of these is an official regulation for U.S. bourbon production?,1) Less than 50% corn,2) Made in Kentucky,"3) Aged in oak container ",3
"According to the U.S. government, which of these is correct?","1) Daylight Saving Time ",2) Daylight Savings Time,3) Daylight Saving's Time,1
Which company makes the TI-83 calculator?,1) Acer,2) Sharp,"3) Texas Instruments ",3
Which of these sports does NOT typically use any kind of net?,1) Badminton,"2) American handball ",3) Ice hockey,2
What implement would you use to sweep dust from a floor?,"1) Broom ",2) Saucepan,3) Pliers,1
"In the old saying, when life gives you lemons you should do what?",1) Return those lemons,"2) Make lemonade ",3) Build a lemon house,2
"When the world’s oldest subway system opened, which was one of the stations?","1) Farringdon Street ",2) Union Square,3) Porte de Vincennes,1
The most common English word that ends in “-mt” is closely tied to which activity?,1) Eating,2) Bathing,"3) Sleeping ",3
Thomas Edison once set up a company to build affordable housing made out of what?,"1) Concrete ",2) Rubber,3) Plastic foam,1
"In the mid-’70s, who became Saturday Night Live’s first-ever musical guest?",1) Paul Simon,"2) Billy Preston ",3) NItty Gritty Dirt Band,2
Which of these nations does NOT lie on the Gulf of Bothnia?,1) Sweden,2) Finland,"3) Estonia ",3
The early computer program “OXO” played what game?,"1) Tic-tac-toe ",2) Minesweeper,3) Checkers,1
"By definition, a vexillologist is most likely to be interested in which of these things?",1) The Odyssey,"2) Union Jack ",3) The Riddle of the Sphinx,2
Which name does NOT typically appear on the label of a bottle of Tabasco sauce?,"1) Charpentier ",2) McIlhenny,3) Avery,1
Where did the famous “gentleman’s agreement” to end the U.S. Civil War take place?,"1) Virginia ",2) North Carolina,3) Georgia,1
Which of these numbers is the smallest?,1) Inches in a yard,"2) Tablespoons in a pint ",3) Seconds in a minute,2
Which of these is a form of precipitation?,1) Mail,2) Fail,"3) Hail ",3
What are omelets made out of?,1) Apps,"2) Eggs ",3) Imps,2
Why did the Chicago Daily Tribune rush to print the wrong winner of the 1948 presidential election?,"1) Workers' dispute ",2) To influence outcome,3) Inclement weather,1
"According to Icelandic tradition, where would you most likely find an Icelandic elf?",1) Arboreal canopies,2) Subbasements,"3) Igneous deposits ",3
"In 1958, a physicist used an oscilloscope to create what is considered the first what?",1) Graphing calculator,"2) Video game ",3) Wireless radio,2
Which of these was the name of one of Gap's original fragrances?,1) Eternity,"2) Grass ",3) Paradise,2
The only rock song to exit our solar system in hard-copy form is by what artist?,1) The Beatles,"2) Chuck Berry ",3) Little Richard,2
"In pregnancy, the ECV method uses what to change the baby’s position?",1) Sutures,"2) Pressing hands ",3) Cardiovascular exercise,2
"In the film that bears his name, what is John Wick’s “casus belli”?",1) Hostages,2) Money,"3) Puppy ",3
Which of these NBA teams has a female owner?,"1) Lakers ",2) Timberwolves,3) Pacers,1
"Botanically speaking, what type of fruit is an avocado?","1) Berry ",2) Gourd,3) Citrus,1
Which of these places calls itself “The City of Brotherly Love”?,1) Chicago,"2) Philadelphia ",3) Boston,2
“Alice’s Adventures in Wonderland” features which of these characters?,1) Paul Blart,2) King of Queens,"3) Queen of Hearts ",3
The person who helps a weightlifter is typically known as what?,1) Waiter,2) CEO,"3) Spotter ",3
Lady Godiva allegedly disrobed and rode a horse through the streets to oppose what?,"1) Taxation ",2) French influence,3) Religious decree,1
Which Supreme Court Chief Justice's portrait has NOT appeared on official U.S paper currency?,1) John Marshall,2) Salmon P. Chase,"3) William Taft ",3
What type of tutu was designed for Balanchine’s New York City Ballet?,1) Romantic,2) Pancake,"3) Powder Puff ",3
"What author is credited with coining the opening line, “It was a dark and stormy night”?","1) Edward Bulwer-Lytton ",2) Edgar Allan Poe,3) Mary Shelley,1
Which brand of sparkling water was commercially introduced first?,"1) Schweppes ",2) Perrier,3) S.Pellegrino,1
Which of these rivers forms at least part of the boundary of four U.S. states?,1) Rio Grande,"2) Delaware ",3) St. Lawrence,2
"In diamond rings, what shape best describes a “princess” cut?",1) Oval,2) Marquise,"3) Square ",3
Which of these newspapers was founded most recently?,1) Wall Street Journal,2) Washington Post,"3) USA Today ",3
How would you say “hello” in Mandarin Chinese?,1) Sup dawg,"2) Ni hao ",3) Quemero Numero Uno,2
Which of these refers to asking someone to an end-of-school-year dance?,1) Planking,"2) Promposal ",3) Sip n’ See,2
The author of which classic work was widely known for his hatred of the Eiffel Tower?,1) Les Misérables,"2) The Necklace ",3) Waiting for Godot,2
Sprinter Justin Gatlin once ran a record-breaking 100 meter sprint thanks to what advantage?,"1) Industrial fan ",2) Running downhill,3) Extreme high altitude,1
Which of these people has won the most Emmys for Outstanding Host of a Reality TV Show?,1) Howie Mandel,"2) Tom Bergeron ",3) Anthony Bourdain,2
Which company’s 2012 smartphones included Beats Audio technology?,1) Samsung,2) Apple,"3) HTC ",3
"During part of the Cold War, what city's MLB team added the word “legs” to its name?","1) Cincinnati ",2) Pittsburgh,3) Boston,1
What was the nickname of the first manned airplane to break the sound barrier?,"1) Glamorous Glennis ",2) Spirit of St. Louis,3) Project Rocket,1
Which of these U.S. presidents was NEVER a vice president?,"1) Herbert Hoover ",2) Richard Nixon,3) Gerald Ford,1
The skincare brand Aesop shares its name with a legendary what?,"1) Fabulist ",2) King,3) Farmer,1
Spider-Man is known for flinging what from his wrists?,1) Air freshener,"2) Webs ",3) Liquid cheese,2
Which of these is a common term for a very tall building?,1) Air tickler,"2) Skyscraper ",3) Cloud sniffer,2
Which of these items could FDR have used before he was president?,1) Beer can,"2) Scotch tape ",3) Ballpoint pen,2
Which of these contributed to John McEnroe's infamous Australian Open ejection?,1) Loose racket tape,"2) Crying baby ",3) Bird on the court,2
New Jersey native John Taylor is credited with creating what processed meat product?,1) Slim Jim,2) Frank 'n Stuff,"3) Pork Roll ",3
Which of these Emmas has a tattoo of a drawing by Paul McCartney?,1) Emma Watson,2) Emma Thompson,"3) Emma Stone ",3
"When microwave ovens were first sold, they were named for what technology?",1) Laser,"2) Radar ",3) X-ray,2
Madonna was inducted into the Rock &amp; Roll Hall of Fame by the singer of which song?,1) Crazy in Love,2) Toxic,"3) Cry Me a River ",3
"When it comes to math, which Greek letter is typically used to represent an angle?",1) Kappa,2) Lambda,"3) Theta ",3
Which of these island chains is in the Atlantic Ocean?,1) Marshall Islands,"2) Falkland Islands ",3) Svalbard,2
What name does Marlon Brando famously yell in a 1951 film?,1) Laura,"2) Stella ",3) Marge,2
"By definition, an ambulatory person is what?","1) Walking ",2) Making sounds,3) Hospital-bound,1
Which of these are typically used to help motorists see the road better?,1) NBA highlights,2) Turkish delights,"3) Headlights ",3
Which of these is NOT an official Tetris sequel?,1) Wordtris,"2) Maptris ",3) Welltris,2
"In western media, what are astronauts from China called?","1) Taikonauts ",2) Sinonauts,3) Spationauts,1
The part of a book disclosing its publication info is known as what?,1) Propindex,"2) Colophon ",3) Rectograf,2
Which Baby-Sitters Club member was NOT included in the film version?,1) Jessi,2) Logan,"3) Abby ",3
San Francisco's Waldo Tunnel was renamed in 2016 after a noted what?,"1) Actor ",2) Politician,3) Athlete,1
Nerf balls were initially marketed as the world’s first what?,1) Safety ball,"2) Indoor ball ",3) Baby ball,2
Where on the body would you find the manipura chakra?,"1) Over the belly button ",2) Within the heart,3) Between the eyes,1
Which of these words likely came into English through Yiddish?,"1) Glitch ",2) Ritzy,3) Kerfuffle,1
Which pair of countries can be found on the Horn of Africa?,1) Egypt / Ethiopia,"2) Ethiopia / Eritrea ",3) Eritrea / Egypt,2
Which planet is famous for its massive and picturesque rings?,1) Venus,"2) Saturn ",3) Mercury,2
Where is carpeting most commonly installed?,"1) Floors ",2) Walls,3) Roofs,1
Which of these is a popular form of live comedy?,"1) Stand-up ",2) Run-around,3) Lie-down,1
Which of these words can NOT be typed exclusively using one row of a QWERTY keyboard?,1) Powertripper,2) Typewriter,"3) Pirouetted ",3
Which Billy Joel album opens with a sound effect that’s appropriate to its title?,1) Storm Front,2) Turnstiles,"3) Glass Houses ",3
Which nation does NOT have land on the island of Borneo?,1) Malaysia,2) Indonesia,"3) Myanmar ",3
Which company provided audio equipment that helped Disney produce “Fantasia”?,1) Bang &amp; Olufsen,"2) Hewlett-Packard ",3) Dolby Laboratories,2
A famously counterintuitive logic puzzle is named for what game show host?,1) Bob Barker,2) Richard Dawson,"3) Monty Hall ",3
Basketball was invented in the U.S. state that is also home to which of these islands?,1) Hilton Head,2) Hatteras Island,"3) Martha's Vineyard ",3
Which of these animals is technically a fish?,1) Porpoise,2) Orca,"3) Whale shark ",3
Which of these is a synonym for the opposite of a financial bull market?,"1) Ursine market ",2) Taurine market,3) Porcine market,1
Rumspringa is a rite of passage among which of these groups?,1) Mormons,2) Jehovah's Witnesses,"3) Amish ",3
What form of singing was historically used to communicate between mountaintops?,"1) Yodeling ",2) Opera arias,3) Gregorian chanting,1
What are candles commonly made out of?,1) Old Legos,2) Greek yogurt,"3) Paraffin wax ",3
Which piece of clothing is meant to protect your head from the cold?,"1) Earmuffs ",2) Giant clock necklace,3) Toe socks,1
Which of the Queen's children has the most grandchildren?,1) Andrew,2) Charles,"3) Anne ",3
"In total, Britain has just over 9,800 miles of which of the following?","1) Railways ",2) Motorways,3) Canals,1
Which of these brands is NOT named after a person?,1) Boots,"2) Bisto ",3) Burberry,2
Which of these countries has the fewest land borders with other countries?,1) France,"2) Poland ",3) Austria,2
Which TV food competition winner opened the Wahaca chain of restaurants?,1) Nadiya Hussain,2) Candice Brown,"3) Thomasina Miers ",3
For which movie did Tom Hanks receive his most recent acting Oscar nomination?,"1) Cast Away ",2) Captain Phillips,3) Bridge of Spies,1
Which of these web services was developed in the Noughties by a Russian schoolboy?,"1) ChatRoulette ",2) Bebo,3) MySpace,1
Which of these Stephen King novels was written under a pseudonym?,1) The Shining,2) Salem's Lot,"3) The Running Man ",3
Which of these figures is known as “The History Guy” on social media?,1) David Starkey,"2) Dan Snow ",3) Simon Schama,2
What is the first name of Holly Willoughby’s regular co-host on “This Morning”?,1) Pete,"2) Phillip ",3) Paul,2
Which of these is the name of an English Test cricket ground?,"1) The Oval ",2) The Rectangle,3) The Trapezium,1
Which of these offers protection during a battle?,1) Scrunchie,"2) Armour ",3) Snapchat glasses,2
Which football club has a stand displaying an extract from the nineteenth book of the Old Testament?,1) Heart of Midlothian,2) Wigan Athletic,"3) West Bromwich Albion ",3
"In 2005, what did BBC chairman Michael Grade declare as his aim for the future of the network?",1) Monthly subscription,"2) Repeat-free zones ",3) Digital only,2
Where did the budget retailer Poundland open its first store in 1990?,1) Basildon,2) Blackpool,"3) Burton-upon-Trent ",3
"Since 2004, the World Chess Federation has had its headquarters in which city?",1) Oslo,2) Geneva,"3) Athens ",3
Which of these countries does NOT have the same name as its capital city?,1) Luxembourg,2) Djibouti,"3) El Salvador ",3
For which of these movies did Meryl Streep NOT win an Oscar?,"1) Out of Africa ",2) Sophie's Choice,3) The Iron Lady,1
"In Rome, which of these ingredients is used to flavour ciabatta bread?",1) Oyster Sauce,"2) Marjoram ",3) Fermented Black Beans,2
"Which Justin Timberlake hit contains the line ""she's flawless like some uncut ice""?","1) Lovestoned ",2) Senorita,3) Like I Love you,1
With whom did William Hewlett co-found a multi-national IT company?,1) Bill Gates,"2) David Packard ",3) Steve Jobs,2
What is the maximum score a player can get in a turn of three darts?,1) 100,2) 250,"3) 180 ",3
How is Jack Dawkins better known in a classic 19th century novel?,1) BoJack Horseman,2) Julius Caesar,"3) Artful Dodger ",3
Armenia and Estonia are former members of which group of countries?,"1) Soviet Union ",2) United States,3) United Kingdom,1
Which of these authors was over 50 when his first novel was published?,"1) Richard Adams ",2) J.R.R. Tolkien,3) Robert Ludlum,1
"As well as medals, what were winners given at the Rio Olympics' medal ceremonies?",1) Laurel wreaths,"2) Miniature statuettes ",3) Carnival masks,2
Which of these animals is NOT a marsupial?,1) Bandicoot,"2) Groundhog ",3) Opossum,2
"In an episode of “Friends”, what name was Ross supposed to say at his wedding ceremony instead of “Rachel”?",1) Julie,2) Elizabeth,"3) Emily ",3
"As of 2017, which of these industries had the highest percentage of the UK's GDP?","1) Service ",2) Travel,3) Construction,1
Which monarch laid the foundation stone at Balmoral Castle?,1) Edward VII,"2) Victoria ",3) William IV,2
Which character does Jude Law play in the movie “King Arthur: Legend of the Sword”?,"1) Vortigern ",2) Uther Pendragon,3) King Arthur,1
What part of the body is damaged if you break your tibia?,"1) Leg ",2) Arm,3) Scalp,1
“Chestnut” and “button” are types of which ingredient?,1) Grape,2) Carrot,"3) Mushroom ",3
Which object is usually in a conductor's hand during a performance?,1) Sleeping ferret,"2) Baton ",3) Box of tissues,2
What term is used for both a formal set of clothes and a set of playing cards?,"1) Suit ",2) Waistcoat,3) Tuxedo T-shirt,1
What town is home to the most works by the architect of Taliesin West and Graycliff?,"1) Oak Park, Illinois ","2) Columbus, Indiana","3) Calistoga, California",1
What was the first video game to call Mario by the name Mario?,1) Donkey Kong,2) Wrecking Crew,"3) Donkey Kong, Jr. ",3
Which writer has NOT held the position now known as U.S. Poet Laureate?,1) Elizabeth Bishop,2) Robert Frost,"3) Maya Angelou ",3
Which band had a member with the same stage name as a Revolutionary War admiral?,"1) Led Zeppelin ",2) Pink Floyd,3) The Kinks,1
Which website did the New York Times call “the people’s National Endowment for the Arts”?,1) Pinterest,2) Etsy,"3) Kickstarter ",3
How do you find the reciprocal of a number?,"1) Divide 1 by the number ",2) Square the number,3) Subtract it from zero,1
What area of London is synonymous with the city's world-class theater scene?,1) Chelsea,2) Knightsbridge,"3) West End ",3
What is the adjectival form of the word “governor”?,1) Gavernoric,"2) Gubernatorial ",3) Governorian,2
Which of these liquids comes from an udder?,"1) Milk ",2) Apple juice,3) Coffee,1
"In billiards, what color is a standard eight-ball?",1) Burnt sienna,2) Millennial pink,"3) Black ",3
Which baseball player is NOT mentioned in Billy Joel’s “We Didn’t Start the Fire”?,"1) Jackie Robinson ",2) Mickey Mantle,3) Roy Campanella,1
"According to the title of her hit 2015 song, how long is Rihanna from wildin'?","1) FourFiveSeconds ",2) A few hours or so,3) Depends on the traffic,1
Which CEO runs the NASDAQ-listed company with the highest market cap?,"1) Tim Cook ",2) Jeff Bezos,3) Satya Nadella,1
What Caribbean island was the birthplace of Alexander Hamilton?,1) St. Kitts,"2) Nevis ",3) Anguilla,2
Which of these past Olympic mascots was an animal?,1) Izzy,2) Wenlock,"3) Hodori ",3
"In the classic edition of Monopoly, which word appears in the name of two different spaces?","1) Pennsylvania ",2) Pacific,3) North,1
Who did NOT win back-to-back Best Actor Oscars?,"1) James Stewart ",2) Spencer Tracy,3) Tom Hanks,1
A person writing clearly and correctly is often said to be following “Strunk and” whom?,"1) White ",2) Follett,3) Robert,1
What medical device must legally be available at U.S. public gathering places?,1) Oxygen tank,"2) Defibrillator ",3) EpiPen,2
What animal is traditionally the source of fried calamari?,"1) Squid ",2) Eel,3) Octopus,1
Which ballroom dance is typically performed in 3/4 time?,1) Rumba,"2) Waltz ",3) Tango,2
The opening ceremonies of the Olympics have NOT won which major award?,"1) Tony ",2) Emmy,3) Grammy,1
From what do baby chicks hatch?,1) Aluminum cans,2) Compact cars,"3) Eggs ",3
"Earlier this decade, the billionaire creator behind what ’90s craze got busted for tax evasion?","1) Beanie Babies ",2) Tamagotchis,3) Slap bracelets,1
The Universalis Cosmographia is the first known map to feature what?,"1) The term 'America' ",2) Compass rose,3) Circumnavigable Earth,1
Which of these biblical names was most popular for American babies in 2016?,"1) Benjamin ",2) Jacob,3) Elijah,1
"By definition, a person with bad handwriting can be said to have what?",1) Paresthesia,2) Onychocryptosis,"3) Griffonage ",3
Which state’s capital is likely named for a Native American word meaning “good place to dig potatoes”?,1) Missouri,"2) Kansas ",3) Arkansas,2
Cinnamon is the primary flavoring of which liqueur?,"1) Goldschläger ",2) Frangelico,3) Drambuie,1
Which president raised wartime funds by keeping sheep on the White House lawn?,1) Dwight D. Eisenhower,2) Harry S. Truman,"3) Woodrow Wilson ",3
Which of these is an accurate statement about typhoons?,"1) Type of cyclone ",2) Originate as monsoons,3) Form south of equator,1
The title of the play “A Raisin in the Sun” comes from a poem by which author?,1) Maya Angelou,"2) Langston Hughes ",3) Toni Morrison,2
What university’s mascot is a cartoonish clergy member?,1) UC San Diego,"2) Wake Forest ",3) Notre Dame,2
Medicine you can buy without a prescription is said to be available over-the-what?,"1) Counter ",2) Transom,3) Rainbow,1
"In theater, what phrase means “good luck”?","1) Break a leg ",2) Kick the bucket,3) Cut a rug,1
"Jimi Hendrix, Frank Sinatra &amp; Bobby Darin all released songs with what name in the title?",1) Mary,2) Joe,"3) Dolly ",3
Which First Lady’s official portrait features her resting her hand on a large dog?,"1) Grace Coolidge ",2) Eleanor Roosevelt,3) Jacqueline Kennedy,1
Which of these states does NOT have an official governor’s mansion?,1) Alaska,"2) Idaho ",3) South Dakota,2
Which of these poets' best-known works is a villanelle?,1) Robert Frost,"2) Dylan Thomas ",3) T.S. Eliot,2
Which performer did NOT get booed while debuting at the Apollo Theater Amateur Night?,1) Lauryn Hill,"2) T-Pain ",3) Dave Chappelle,2
Which ingredient is typically listed first on jars of classic Nutella?,1) Hazelnuts,2) Cocoa,"3) Sugar ",3
A famous fossil found in an English cave has what cheesy name?,1) Stilton Man,2) Roquefort Man,"3) Cheddar Man ",3
“Go Blue!” is the rallying cry of what university’s sports team?,"1) U of Michigan ",2) Michigan State,3) Ohio State,1
Which of these is a part of the heart?,"1) Aorta ",2) Albedo,3) Avuncular,1
Habitat for Humanity is a charity known for building what?,1) Luxury yachts,2) Monster truck courses,"3) Houses ",3
"In a BLT sandwich, the “T” stands for what?",1) Tap water,2) Tunatini,"3) Tomato ",3
Which company was named after its founder’s unusual hairstyle?,"1) Kinko's ",2) Red Robin,3) Miracle-Gro,1
The top prize in architecture is named for the creator of what hotel chain?,"1) Hyatt ",2) Sheraton,3) Four Seasons,1
"In 2008, the creators of what startup raised funds by selling novelty breakfast cereals?",1) Kickstarter,"2) Airbnb ",3) Cards Against Humanity,2
The cooking technique now known as tempura originated in which of these places?,1) Hawaii,2) South Korea,"3) Portugal ",3
Which of these games is typically played using a deck with the fewest cards?,"1) Euchre ",2) Cribbage,3) Pinochle,1
Which action star is the creator of an eponymous martial art?,1) Jackie Chan,2) Steven Seagal,"3) Chuck Norris ",3
Which band featured a regular didgeridoo player?,1) Dexys Midnight Runners,"2) Jamiroquai ",3) O.A.R.,2
Which of these is a poetry term for a stanza with four lines?,1) Limerick,2) Haiku,"3) Quatrain ",3
Siri made its debut on which iPhone?,1) iPhone 4,2) iPhone 5,"3) iPhone 4S ",3
Who is considered the father of scientific classification?,1) Jose Reyes,"2) Carl Linnaeus ",3) Doctor Zaius,2
Which of these is a common machine used in construction?,1) Spoonlift,2) Sporklift,"3) Forklift ",3
"In the nursery rhyme, Mary had a little what?",1) Laryngitis,"2) Lamb ",3) Log,2
Matt Damon &amp; Ben Affleck appear uncredited in which baseball movie?,"1) Field of Dreams ",2) Moneyball,3) Fever Pitch,1
The longest-serving senator currently in office has been re-elected how many times?,"1) Seven times ",2) Four times,3) Nine times,1
Which of these terms does NOT refer to a sea slug?,"1) Sea pig ",2) Sea hare,3) Nudibranch,1
A controversial ‘90s episode of “Oprah” caused the price of which product to drop?,1) Diamonds,2) Soda,"3) Beef ",3
Daku is the pseudonym of a street artist known for his work in what city?,"1) New Delhi ",2) Tokyo,3) London,1
Which statement is true of the R&amp;B group “Tony! Toni! Toné!”?,1) Disbanded after 1 album,"2) No member named Tony ",3) Top single was a capella,2
A stylized depiction of the Matterhorn is featured in what corporate logo?,"1) Toblerone ",2) Paramount Pictures,3) The North Face,1
A tarantula hawk is a type of what?,1) Bird,2) Snake,"3) Wasp ",3
The popular abbreviation TFW usually stands for what?,"1) That Feeling When ","2) Too Funky, World",3) The Funniest Week,1
"According to the title of a classic horror movie, “The Hills Have” what?",1) Ugly Christmas sweaters,"2) Eyes ",3) So Many Questions,2
"In kickball, what are players meant to use to propel the ball onto the field?",1) Oven mitt,"2) Foot ",3) Stuffed jackalope,2
Which of these titles is currently held by nobody?,"1) Duke of Windsor ",2) Duke of Kent,3) Duke of Gloucester,1
Which fitness brand was established first?,"1) NordicTrack ",2) Bowflex,3) Thighmaster,1
Which philosopher directly inspired many of the lyrics on Radiohead’s “OK Computer”?,1) Friedrich Nietzsche,2) Adam Smith,"3) Noam Chomsky ",3
Which is NOT a correct pairing of tablet and tablet maker?,"1) Streak / Toshiba ",2) ATIV / Samsung,3) Xoom / Motorola,1
Nearly every episode of which TV show is named after a song title?,1) Glee,2) Gossip Girl,"3) Grey’s Anatomy ",3
What sport is often played with an item resembling a Buckminsterfullerene molecule?,1) Badminton,2) American football,"3) Soccer ",3
The director of “Lady Bird” starred in which indie movie?,1) Room,"2) Frances Ha ",3) Brooklyn,2
"In baseball, “Mendoza line” is a nickname for what?","1) .200 batting average ",2) Rubber on pitching mound,3) Hard-hit ball,1
Which of these is NOT a pseudonym?,1) George Eliot,2) George Orwell,"3) George Saunders ",3
Which of these is a national hamburger chain?,1) Puddchuckers,2) Huddsuckers,"3) Fuddruckers ",3
What is traditional to wear on St. Patrick’s Day?,1) Fancy gown,"2) The color green ",3) Minions onesie,2
Which animal is NOT depicted in Rembrandt’s “The Night Watch”?,"1) Mouse ",2) Chicken,3) Dog,1
"Before creating Hotmail, the two founders worked together at what company?",1) Hewlett-Packard,2) Microsoft,"3) Apple ",3
Which of these soprano singing ranges has the lowest tessitura?,1) Soubrette,2) Coloratura,"3) Dramatic ",3
Which of these toys has NOT been to space?,"1) Etch A Sketch ",2) Slinky,3) Lego,1
What rating does Dudley Moore give Bo Derek’s character in the film “10”?,"1) Higher than ten ",2) Lower than ten,3) Ten,1
Microblading eyebrows essentially consists of doing what?,"1) Drawing them in ",2) Trimming them,3) Plucking them,1
Which of these drinks is often classified into culinary and ceremonial grades?,1) Yerba mate,2) Kombucha,"3) Matcha ",3
The mosaic pavement streets of Rio de Janeiro contain numerous examples of what?,"1) QR codes ",2) Google Doodles,3) Emoji,1
Which household device was created by iRobot?,1) Nest,2) Robomow,"3) Roomba ",3
What foliage did Adam and Eve use to cover up?,1) Maple leaf,2) Black locust leaf,"3) Fig leaf ",3
"According to the Chinese zodiac, 2018 is now officially the Year of the what?","1) Dog ",2) Surly Neighbor,3) Careless Whisper,1
"In the Mother Goose nursery rhyme, what did Little Miss Muffet sit on?",1) Whoopee cushion,"2) Tuffet ",3) Blueberry muffin,2
The Hermès Birkin handbag was born thanks to a random meeting where?,"1) On an airplane ",2) At a museum,3) In a restaurant,1
Which U.S. island’s municipal bonds are NOT triple tax-exempt?,1) Culebra,"2) Molokai ",3) Cabras Island,2
"In a viral photo of Dwayne “The Rock"" Johnson in a turtleneck, what is his arm leaning on?",1) Ladder,2) Pillow,"3) Tissues ",3
"In the original children's book “Flat Stanley,” what falling item flattens Stanley?",1) Refrigerator,2) Baby grand piano,"3) Bulletin board ",3
Which of these is NOT a defunct Yahoo product?,"1) Leap ",2) Buzz,3) Mash,1
The wife of which of these writers inspired the title of a popular video game?,1) Ernest Hemingway,2) Arthur Miller,"3) F. Scott Fitzgerald ",3
"When it comes to clothing, what is peplum?",1) Shoulder pad,2) Neck seam,"3) Ruffle ",3
How is the first name of the lead actor of “The English Patient” pronounced?,1) “Rolf”,"2) “Rafe” ",3) “Ralf”,2
Which of these is NOT one of the first Starburst flavors?,1) Lime,2) Lemon,"3) Cherry ",3
Which of these sports is played with a paddle?,1) Lacrosse,"2) Pickleball ",3) Handball,2
Elephants are known for their sense of what?,1) Humor,"2) Smell ",3) Style,2
Which of these is a common type of salad?,"1) Caesar salad ",2) Cedar salad,3) Scenic salad,1
Which of these U.S. federal government positions comes with the highest annual salary?,"1) Postmaster General ",2) Secretary of the Army,3) Attorney General,1
What TV acting award has Julia Louis-Dreyfus won the fewest number of times?,"1) Golden Globe ",2) Primetime Emmy,3) SAG Award,1
Which of these famous buildings contains vomitoria?,1) The Parthenon,"2) Madison Square Garden ",3) Sistine Chapel,2
Which inventor boarded a steamer ship in 1913 and was never seen alive again?,1) Nikola Tesla,"2) Rudolf Diesel ",3) George Eastman,2
A key financial backer of the 1961 Freedom Rides was famous for recording which song?,"1) Jump in the Line ",2) A Change Is Gonna Come,3) The Candy Man,1
"Before the Industrial Revolution, American workers would typically stop around 11 a.m. to do what?",1) Take a nap,2) Play baseball,"3) Drink whiskey ",3
"In “Pulp Fiction,” Samuel L. Jackson claims his iconic monologue comes from what book of the Bible?","1) Ezekiel ",2) Leviticus,3) Exodus,1
During which holiday are the most greeting cards in the U.S. sold?,"1) Christmas ",2) Valentine's Day,3) Mother's Day,1
Which novel is set in a land named after the Latin word for “bread”?,1) The Silver Chair,"2) The Hunger Games ",3) Fahrenheit 451,2
"Traditionally made with cheese, what Swiss dish means “melted” in French?",1) Meringue,"2) Fondue ",3) Quiche,2
Neil Armstrong was the first person to do what?,1) Run a 4-minute mile,"2) Walk on the moon ",3) Dunk a basketball,2
Which of these U.S. TV shows airs earliest in the day?,1) Mad Money,"2) Good Morning America ",3) World News Tonight,2
How did Senator Strom Thurmond prepare for the longest-ever U.S. Congressional filibuster?,1) Inserted a feeding tube,"2) Took steam baths ",3) Got Vitamin B shots,2
The intro of TV’s “Wide World of Sports” pairs the phrase “agony of defeat” with what footage?,"1) Skier wiping out ",2) Race car crashing,3) Runner collapsing,1
Which of these animals does NOT possess chromatophores?,1) Cuttlefish,2) Zebrafish,"3) Peacock ",3
Which legendary writer used to live with Marlon Brando?,1) Jack Kerouac,2) Allen Ginsberg,"3) James Baldwin ",3
Ancient Egyptians shaved their eyebrows when what occurred?,1) Pharaoh became ill,"2) House cat passed away ",3) Harvest was bountiful,2
"Ron Perlman, Kris Kristofferson and Lynda Carter have all recorded voices for what video game series?","1) Fallout ",2) Grand Theft Auto,3) Halo,1
Which of these animals has a species named after Ferdinand Magellan?,"1) Penguin ",2) Otter,3) Dolphin,1
Which of these is a tool used for glass blowing?,1) Swage,2) Rotary cutter,"3) Punty ",3
Who is the reigning monarch of Great Britain?,"1) Queen Elizabeth ",2) Prince Paul,3) King Koopa,1
Hamburgers are usually made with what?,1) Yarn,"2) Ground beef ",3) Sweet dreams,2
Which of these performers was part of the first Lollapalooza festival lineup?,1) Soundgarden,2) Depeche Mode,"3) Ice-T ",3
What Canadian city aptly takes its name from a Cree term for “muddy water”?,"1) Winnipeg ",2) Ottawa,3) Toronto,1
"In 1997, Alabama’s state bar association put up a monument to whom?","1) Atticus Finch ",2) John Grisham,3) William Jennings Bryan,1
Aaron Sorkin &amp; Quentin Tarantino helped write the screenplay to which movie?,"1) The Rock ",2) Con Air,3) Face/Off,1
Which of these is NOT a palindrome?,1) A Toyota's a Toyota,2) Was it a rat I saw?,"3) Walk sir, I’ll risk law ",3
"In the King James Bible, which of these measures “six cubits and a span”?",1) Stone tablet,2) Noah's Ark,"3) Goliath ",3
"What pop star first recorded under the same name as the so-called ""sailor's devil""?",1) Elton John,"2) David Bowie ",3) Freddie Mercury,2
"In Ancient Greece, Olympic athletes typically competed wearing what?",1) Togas,2) Laurel wreaths,"3) Nothing at all ",3
Who just became the youngest woman to win gold in Olympics snowboarding?,1) Khloé Kardashian,2) Chloë Grace Moretz,"3) Chloe Kim ",3
"In July of 2017, Joey Chestnut set a world record by consuming 72 what?",1) Pickles,"2) Hot dogs ",3) Raw oysters,2
"Who is Robert Downey, Jr.’s father?","1) Robert Downey, Sr. ",2) Chet Downey III,"3) Morton Downey, Jr.",1
The “Father of Art Deco” designed over 200 covers for which magazine?,1) New Yorker,"2) Harper’s Bazaar ",3) Vogue,2
What writer was the first to receive a MacArthur “genius” grant for science fiction?,"1) Octavia E. Butler ",2) Samuel R. Delany,3) Ursula K. Le Guin,1
"When written in all caps, which insult refers to a common type of computer user interface?",1) Clod,"2) Wimp ",3) Dolt,2
The 2008 Olympics were the first time the medals contained what material?,"1) Jade ",2) Amber,3) Coral,1
The painting “Washington Crosses the Delaware” has appeared on which state quarter?,"1) New Jersey ",2) Delaware,3) Washington,1
Which of these films does NOT prominently feature identical twins?,1) Adaptation,2) The Parent Trap,"3) Twins ",3
Cirque du Soleil is a theater troupe first formed in which country?,1) USA,"2) Canada ",3) France,2
Which of these is NOT part of the three-word Olympic motto?,"1) Thicker ",2) Higher,3) Faster,1
"At New Orleans Mardi Gras, what are float riders required to wear by law?",1) Tuxedos,"2) Masks ",3) Sweater vests,2
Which of these destinations is legally allowed to bill itself as “The Happiest Place on Earth”?,1) Maryland,2) Orlando,"3) Disneyland ",3
"According to legend, what vessel is most likely to contain a wish-granting genie?",1) Magic limo,"2) Magic lamp ",3) Magic loofah,2
The inventor of the board game Risk also directed what award-winning film?,1) The 400 Blows,"2) The Red Balloon ",3) Last Year at Marienbad,2
Which of these supposedly hip cities does NOT have an Instagram filter named after it?,1) Nashville,"2) Austin ",3) Brooklyn,2
"What math concept is traditionally notated by a tall, S-shaped curve?",1) Second derivative,2) Series,"3) Integral ",3
Which of these is NOT a menu option for ordering hash browns at Waffle House?,1) Capped,"2) Slathered ",3) Chunked,2
Which voice actor from “The Emperor’s New Groove” was once blacklisted in Hollywood?,"1) Eartha Kitt ",2) Wendie Malick,3) Tom Jones,1
A 1976 book by Richard Dawkins introduced what now-common word?,1) Android,2) Emoticon,"3) Meme ",3
Students of Auguste Escoffier would have known how to do what?,1) Design a chateau,2) Perform a grand jeté,"3) Prepare a velouté ",3
What disease gets its name from the Italian term for “bad air”?,1) Influenza,"2) Malaria ",3) Asthma,2
The R.E.M. song “Man on the Moon” was written about what comedian?,1) Jim Carrey,2) Mitch Hedberg,"3) Andy Kaufman ",3
Which of these is NOT a unit of temperature?,1) Celsius,2) Fahrenheit,"3) Hectare ",3
Which U.S. coin features a portrait of Abraham Lincoln?,1) Kennedy half-dollar,2) Buffalo nickel,"3) Penny ",3
Who famously painted the ceiling of the Sistine Chapel?,"1) Michelangelo ",2) Bob Ross,3) Mr. Brainwash,1
Which of these things did Skee-Lo NOT wish for in his hit '90s song?,1) 1964 Impala,"2) White shirt collar ",3) Child named Big Al,2
The first official African-American fraternity was founded at what university?,1) Howard,2) Clemson,"3) Cornell ",3
"One thousand years ago, which of these regions was heavily populated with Moorish people?",1) Albion,2) Novgorod,"3) Iberia ",3
Which Secretary-General of the United Nations once appeared on “Da Ali G Show”?,1) Kofi Annan,2) Ban Ki-moon,"3) Boutros Boutros-Ghali ",3
Which of these North American deserts is the smallest?,1) Sonoran Desert,"2) Mojave Desert ",3) Chihuahuan Desert,2
"According to Marie Kondo, you should only own material items with what quality?",1) Eco-friendly,2) Useful in daily life,"3) Spark joy ",3
What is the name of London's electronic public transit pass?,1) Opal,"2) Oyster ",3) Presto,2
The author of “The Picture of Dorian Gray” was born in what country?,1) France,"2) Ireland ",3) United States,2
What U.S. state borders only one other U.S. state?,1) Alaska,"2) Maine ",3) Rhode Island,2
The “skyhook” is a move in which of these sports?,1) Polo,2) Acrobatics,"3) Basketball ",3
In what part of a newspaper would you post an item for sale?,1) Sports section,2) Weather page,"3) Classifieds ",3
What is the mid-day meal usually called?,1) Jack Bauer Power Hour,"2) Lunch ",3) Sleepy time,2
The author who created Tarzan once worked for which of these publications?,1) Sports Illustrated,2) Paris Review,"3) Sears catalog ",3
What beauty product entrepreneur became the first U.S. self-made female millionaire?,1) Helena Rubinstein,2) Elizabeth Arden,"3) C.J. Walker ",3
Bart's age on “The Simpsons” is NOT the same as which of these characters?,1) Ash from Pokémon,2) Encyclopedia Brown,"3) Nancy Drew ",3
"According to the Book of Leviticus, which of these animals is kosher to eat?",1) Owl,"2) Cricket ",3) Rabbit,2
